trace_ghistoryBits,pcIndexBits,trainingThresholdBits,weightsBits,size,mis_prediction_rate,better_than_tournament
mm_1.bz2,24,6,5,5,9600,4.859,0
mm_2.bz2,24,6,5,5,9600,10.702,0
fp_1.bz2,24,6,5,5,9600,0.980,1
fp_2.bz2,24,6,5,5,9600,1.478,1
int_1.bz2,24,6,5,5,9600,12.922,0
int_2.bz2,24,6,5,5,9600,0.379,1
mm_1.bz2,24,6,5,6,11200,3.247,0
mm_2.bz2,24,6,5,6,11200,10.548,0
fp_1.bz2,24,6,5,6,11200,0.844,1
fp_2.bz2,24,6,5,6,11200,1.003,1
int_1.bz2,24,6,5,6,11200,11.625,1
int_2.bz2,24,6,5,6,11200,0.352,1
mm_1.bz2,24,6,5,7,12800,2.808,0
mm_2.bz2,24,6,5,7,12800,10.544,0
fp_1.bz2,24,6,5,7,12800,0.844,1
fp_2.bz2,24,6,5,7,12800,0.980,1
int_1.bz2,24,6,5,7,12800,11.294,1
int_2.bz2,24,6,5,7,12800,0.349,1
mm_1.bz2,24,6,5,8,14400,2.699,0
mm_2.bz2,24,6,5,8,14400,10.544,0
fp_1.bz2,24,6,5,8,14400,0.844,1
fp_2.bz2,24,6,5,8,14400,0.980,1
int_1.bz2,24,6,5,8,14400,11.269,1
int_2.bz2,24,6,5,8,14400,0.349,1
mm_1.bz2,24,6,5,9,16000,2.680,0
mm_2.bz2,24,6,5,9,16000,10.544,0
fp_1.bz2,24,6,5,9,16000,0.844,1
fp_2.bz2,24,6,5,9,16000,0.980,1
int_1.bz2,24,6,5,9,16000,11.269,1
int_2.bz2,24,6,5,9,16000,0.349,1
mm_1.bz2,24,6,6,5,9600,6.911,0
mm_2.bz2,24,6,6,5,9600,12.171,0
fp_1.bz2,24,6,6,5,9600,1.057,0
fp_2.bz2,24,6,6,5,9600,2.734,1
int_1.bz2,24,6,6,5,9600,14.596,0
int_2.bz2,24,6,6,5,9600,0.499,0
mm_1.bz2,24,6,6,6,11200,4.701,0
mm_2.bz2,24,6,6,6,11200,11.585,0
fp_1.bz2,24,6,6,6,11200,0.968,1
fp_2.bz2,24,6,6,6,11200,1.521,1
int_1.bz2,24,6,6,6,11200,12.394,1
int_2.bz2,24,6,6,6,11200,0.404,1
mm_1.bz2,24,6,6,7,12800,3.324,0
mm_2.bz2,24,6,6,7,12800,11.457,0
fp_1.bz2,24,6,6,7,12800,0.854,1
fp_2.bz2,24,6,6,7,12800,1.012,1
int_1.bz2,24,6,6,7,12800,11.324,1
int_2.bz2,24,6,6,7,12800,0.388,1
mm_1.bz2,24,6,6,8,14400,3.000,0
mm_2.bz2,24,6,6,8,14400,11.454,0
fp_1.bz2,24,6,6,8,14400,0.854,1
fp_2.bz2,24,6,6,8,14400,0.998,1
int_1.bz2,24,6,6,8,14400,11.133,1
int_2.bz2,24,6,6,8,14400,0.386,1
mm_1.bz2,24,6,6,9,16000,2.984,0
mm_2.bz2,24,6,6,9,16000,11.454,0
fp_1.bz2,24,6,6,9,16000,0.854,1
fp_2.bz2,24,6,6,9,16000,0.998,1
int_1.bz2,24,6,6,9,16000,11.120,1
int_2.bz2,24,6,6,9,16000,0.386,1
mm_1.bz2,24,6,7,5,9600,9.688,0
mm_2.bz2,24,6,7,5,9600,14.907,0
fp_1.bz2,24,6,7,5,9600,1.480,0
fp_2.bz2,24,6,7,5,9600,4.735,0
int_1.bz2,24,6,7,5,9600,17.577,0
int_2.bz2,24,6,7,5,9600,0.662,0
mm_1.bz2,24,6,7,6,11200,6.832,0
mm_2.bz2,24,6,7,6,11200,13.320,0
fp_1.bz2,24,6,7,6,11200,1.045,0
fp_2.bz2,24,6,7,6,11200,2.500,1
int_1.bz2,24,6,7,6,11200,14.318,0
int_2.bz2,24,6,7,6,11200,0.523,0
mm_1.bz2,24,6,7,7,12800,4.615,0
mm_2.bz2,24,6,7,7,12800,12.689,0
fp_1.bz2,24,6,7,7,12800,0.949,1
fp_2.bz2,24,6,7,7,12800,1.390,1
int_1.bz2,24,6,7,7,12800,12.336,1
int_2.bz2,24,6,7,7,12800,0.462,0
mm_1.bz2,24,6,7,8,14400,3.429,0
mm_2.bz2,24,6,7,8,14400,12.576,0
fp_1.bz2,24,6,7,8,14400,0.877,1
fp_2.bz2,24,6,7,8,14400,1.052,1
int_1.bz2,24,6,7,8,14400,11.409,1
int_2.bz2,24,6,7,8,14400,0.453,0
mm_1.bz2,24,6,7,9,16000,3.245,0
mm_2.bz2,24,6,7,9,16000,12.571,0
fp_1.bz2,24,6,7,9,16000,0.877,1
fp_2.bz2,24,6,7,9,16000,1.037,1
int_1.bz2,24,6,7,9,16000,11.304,1
int_2.bz2,24,6,7,9,16000,0.453,0
mm_1.bz2,24,6,8,5,9600,16.954,0
mm_2.bz2,24,6,8,5,9600,19.046,0
fp_1.bz2,24,6,8,5,9600,1.778,0
fp_2.bz2,24,6,8,5,9600,12.323,0
int_1.bz2,24,6,8,5,9600,22.319,0
int_2.bz2,24,6,8,5,9600,0.850,0
mm_1.bz2,24,6,8,6,11200,9.599,0
mm_2.bz2,24,6,8,6,11200,16.297,0
fp_1.bz2,24,6,8,6,11200,1.457,0
fp_2.bz2,24,6,8,6,11200,4.903,0
int_1.bz2,24,6,8,6,11200,17.571,0
int_2.bz2,24,6,8,6,11200,0.681,0
mm_1.bz2,24,6,8,7,12800,6.939,0
mm_2.bz2,24,6,8,7,12800,14.596,0
fp_1.bz2,24,6,8,7,12800,1.016,0
fp_2.bz2,24,6,8,7,12800,2.487,1
int_1.bz2,24,6,8,7,12800,14.376,0
int_2.bz2,24,6,8,7,12800,0.582,0
mm_1.bz2,24,6,8,8,14400,4.812,0
mm_2.bz2,24,6,8,8,14400,13.947,0
fp_1.bz2,24,6,8,8,14400,0.966,1
fp_2.bz2,24,6,8,8,14400,1.451,1
int_1.bz2,24,6,8,8,14400,12.506,1
int_2.bz2,24,6,8,8,14400,0.558,0
mm_1.bz2,24,6,8,9,16000,3.671,0
mm_2.bz2,24,6,8,9,16000,13.844,0
fp_1.bz2,24,6,8,9,16000,0.916,1
fp_2.bz2,24,6,8,9,16000,1.116,1
int_1.bz2,24,6,8,9,16000,11.754,1
int_2.bz2,24,6,8,9,16000,0.555,0
mm_1.bz2,24,7,5,5,19200,3.886,0
mm_2.bz2,24,7,5,5,19200,9.041,0
fp_1.bz2,24,7,5,5,19200,0.973,1
fp_2.bz2,24,7,5,5,19200,1.477,1
int_1.bz2,24,7,5,5,19200,11.279,1
int_2.bz2,24,7,5,5,19200,0.347,1
mm_1.bz2,24,7,5,6,22400,2.823,0
mm_2.bz2,24,7,5,6,22400,8.834,0
fp_1.bz2,24,7,5,6,22400,0.838,1
fp_2.bz2,24,7,5,6,22400,1.002,1
int_1.bz2,24,7,5,6,22400,9.950,1
int_2.bz2,24,7,5,6,22400,0.328,1
mm_1.bz2,24,7,5,7,25600,2.695,0
mm_2.bz2,24,7,5,7,25600,8.829,0
fp_1.bz2,24,7,5,7,25600,0.838,1
fp_2.bz2,24,7,5,7,25600,0.978,1
int_1.bz2,24,7,5,7,25600,9.572,1
int_2.bz2,24,7,5,7,25600,0.328,1
mm_1.bz2,24,7,5,8,28800,2.589,0
mm_2.bz2,24,7,5,8,28800,8.829,0
fp_1.bz2,24,7,5,8,28800,0.838,1
fp_2.bz2,24,7,5,8,28800,0.978,1
int_1.bz2,24,7,5,8,28800,9.440,1
int_2.bz2,24,7,5,8,28800,0.328,1
mm_1.bz2,24,7,5,9,32000,2.585,0
mm_2.bz2,24,7,5,9,32000,8.829,0
fp_1.bz2,24,7,5,9,32000,0.838,1
fp_2.bz2,24,7,5,9,32000,0.978,1
int_1.bz2,24,7,5,9,32000,9.430,1
int_2.bz2,24,7,5,9,32000,0.328,1
mm_1.bz2,24,7,6,5,19200,5.240,0
mm_2.bz2,24,7,6,5,19200,10.322,0
fp_1.bz2,24,7,6,5,19200,1.092,0
fp_2.bz2,24,7,6,5,19200,2.731,1
int_1.bz2,24,7,6,5,19200,12.748,0
int_2.bz2,24,7,6,5,19200,0.423,1
mm_1.bz2,24,7,6,6,22400,4.010,0
mm_2.bz2,24,7,6,6,22400,9.649,0
fp_1.bz2,24,7,6,6,22400,0.960,1
fp_2.bz2,24,7,6,6,22400,1.517,1
int_1.bz2,24,7,6,6,22400,10.818,1
int_2.bz2,24,7,6,6,22400,0.367,1
mm_1.bz2,24,7,6,7,25600,2.940,0
mm_2.bz2,24,7,6,7,25600,9.483,0
fp_1.bz2,24,7,6,7,25600,0.848,1
fp_2.bz2,24,7,6,7,25600,1.010,1
int_1.bz2,24,7,6,7,25600,9.733,1
int_2.bz2,24,7,6,7,25600,0.356,1
mm_1.bz2,24,7,6,8,28800,2.838,0
mm_2.bz2,24,7,6,8,28800,9.482,0
fp_1.bz2,24,7,6,8,28800,0.848,1
fp_2.bz2,24,7,6,8,28800,0.996,1
int_1.bz2,24,7,6,8,28800,9.461,1
int_2.bz2,24,7,6,8,28800,0.356,1
mm_1.bz2,24,7,6,9,32000,2.782,0
mm_2.bz2,24,7,6,9,32000,9.482,0
fp_1.bz2,24,7,6,9,32000,0.848,1
fp_2.bz2,24,7,6,9,32000,0.996,1
int_1.bz2,24,7,6,9,32000,9.377,1
int_2.bz2,24,7,6,9,32000,0.356,1
mm_1.bz2,24,7,7,5,19200,6.876,0
mm_2.bz2,24,7,7,5,19200,12.881,0
fp_1.bz2,24,7,7,5,19200,1.339,0
fp_2.bz2,24,7,7,5,19200,4.731,0
int_1.bz2,24,7,7,5,19200,15.516,0
int_2.bz2,24,7,7,5,19200,0.551,0
mm_1.bz2,24,7,7,6,22400,5.473,0
mm_2.bz2,24,7,7,6,22400,11.204,0
fp_1.bz2,24,7,7,6,22400,1.096,0
fp_2.bz2,24,7,7,6,22400,2.498,1
int_1.bz2,24,7,7,6,22400,12.560,1
int_2.bz2,24,7,7,6,22400,0.444,0
mm_1.bz2,24,7,7,7,25600,3.890,0
mm_2.bz2,24,7,7,7,25600,10.541,0
fp_1.bz2,24,7,7,7,25600,0.911,1
fp_2.bz2,24,7,7,7,25600,1.387,1
int_1.bz2,24,7,7,7,25600,10.804,1
int_2.bz2,24,7,7,7,25600,0.408,1
mm_1.bz2,24,7,7,8,28800,3.039,0
mm_2.bz2,24,7,7,8,28800,10.403,0
fp_1.bz2,24,7,7,8,28800,0.867,1
fp_2.bz2,24,7,7,8,28800,1.049,1
int_1.bz2,24,7,7,8,28800,9.880,1
int_2.bz2,24,7,7,8,28800,0.403,1
mm_1.bz2,24,7,7,9,32000,2.979,0
mm_2.bz2,24,7,7,9,32000,10.404,0
fp_1.bz2,24,7,7,9,32000,0.867,1
fp_2.bz2,24,7,7,9,32000,1.034,1
int_1.bz2,24,7,7,9,32000,9.628,1
int_2.bz2,24,7,7,9,32000,0.403,1
mm_1.bz2,24,7,8,5,19200,11.596,0
mm_2.bz2,24,7,8,5,19200,17.247,0
fp_1.bz2,24,7,8,5,19200,1.599,0
fp_2.bz2,24,7,8,5,19200,12.321,0
int_1.bz2,24,7,8,5,19200,19.570,0
int_2.bz2,24,7,8,5,19200,0.750,0
mm_1.bz2,24,7,8,6,22400,6.842,0
mm_2.bz2,24,7,8,6,22400,14.121,0
fp_1.bz2,24,7,8,6,22400,1.274,0
fp_2.bz2,24,7,8,6,22400,4.898,0
int_1.bz2,24,7,8,6,22400,15.583,0
int_2.bz2,24,7,8,6,22400,0.575,0
mm_1.bz2,24,7,8,7,25600,5.606,0
mm_2.bz2,24,7,8,7,25600,12.340,0
fp_1.bz2,24,7,8,7,25600,1.036,0
fp_2.bz2,24,7,8,7,25600,2.483,1
int_1.bz2,24,7,8,7,25600,12.659,0
int_2.bz2,24,7,8,7,25600,0.497,0
mm_1.bz2,24,7,8,8,28800,4.008,0
mm_2.bz2,24,7,8,8,28800,11.735,0
fp_1.bz2,24,7,8,8,28800,0.951,1
fp_2.bz2,24,7,8,8,28800,1.447,1
int_1.bz2,24,7,8,8,28800,11.025,1
int_2.bz2,24,7,8,8,28800,0.483,0
mm_1.bz2,24,7,8,9,32000,3.265,0
mm_2.bz2,24,7,8,9,32000,11.651,0
fp_1.bz2,24,7,8,9,32000,0.902,1
fp_2.bz2,24,7,8,9,32000,1.112,1
int_1.bz2,24,7,8,9,32000,10.225,1
int_2.bz2,24,7,8,9,32000,0.483,0
mm_1.bz2,24,8,5,5,38400,3.778,0
mm_2.bz2,24,8,5,5,38400,7.667,1
fp_1.bz2,24,8,5,5,38400,0.905,1
fp_2.bz2,24,8,5,5,38400,1.302,1
int_1.bz2,24,8,5,5,38400,10.093,1
int_2.bz2,24,8,5,5,38400,0.340,1
mm_1.bz2,24,8,5,6,44800,2.783,0
mm_2.bz2,24,8,5,6,44800,7.441,1
fp_1.bz2,24,8,5,6,44800,0.827,1
fp_2.bz2,24,8,5,6,44800,0.980,1
int_1.bz2,24,8,5,6,44800,8.583,1
int_2.bz2,24,8,5,6,44800,0.324,1
mm_1.bz2,24,8,5,7,51200,2.659,0
mm_2.bz2,24,8,5,7,51200,7.426,1
fp_1.bz2,24,8,5,7,51200,0.827,1
fp_2.bz2,24,8,5,7,51200,0.974,1
int_1.bz2,24,8,5,7,51200,8.221,1
int_2.bz2,24,8,5,7,51200,0.324,1
mm_1.bz2,24,8,5,8,57600,2.556,1
mm_2.bz2,24,8,5,8,57600,7.426,1
fp_1.bz2,24,8,5,8,57600,0.827,1
fp_2.bz2,24,8,5,8,57600,0.974,1
int_1.bz2,24,8,5,8,57600,8.175,1
int_2.bz2,24,8,5,8,57600,0.324,1
mm_1.bz2,24,8,5,9,64000,2.550,1
mm_2.bz2,24,8,5,9,64000,7.426,1
fp_1.bz2,24,8,5,9,64000,0.827,1
fp_2.bz2,24,8,5,9,64000,0.974,1
int_1.bz2,24,8,5,9,64000,8.174,1
int_2.bz2,24,8,5,9,64000,0.324,1
mm_1.bz2,24,8,6,5,38400,4.925,0
mm_2.bz2,24,8,6,5,38400,8.714,0
fp_1.bz2,24,8,6,5,38400,0.991,1
fp_2.bz2,24,8,6,5,38400,2.729,1
int_1.bz2,24,8,6,5,38400,11.516,1
int_2.bz2,24,8,6,5,38400,0.388,1
mm_1.bz2,24,8,6,6,44800,3.758,0
mm_2.bz2,24,8,6,6,44800,8.111,1
fp_1.bz2,24,8,6,6,44800,0.832,1
fp_2.bz2,24,8,6,6,44800,1.358,1
int_1.bz2,24,8,6,6,44800,9.615,1
int_2.bz2,24,8,6,6,44800,0.352,1
mm_1.bz2,24,8,6,7,51200,2.889,0
mm_2.bz2,24,8,6,7,51200,7.971,1
fp_1.bz2,24,8,6,7,51200,0.832,1
fp_2.bz2,24,8,6,7,51200,0.990,1
int_1.bz2,24,8,6,7,51200,8.351,1
int_2.bz2,24,8,6,7,51200,0.346,1
mm_1.bz2,24,8,6,8,57600,2.780,0
mm_2.bz2,24,8,6,8,57600,7.971,1
fp_1.bz2,24,8,6,8,57600,0.832,1
fp_2.bz2,24,8,6,8,57600,0.989,1
int_1.bz2,24,8,6,8,57600,8.124,1
int_2.bz2,24,8,6,8,57600,0.345,1
mm_1.bz2,24,8,6,9,64000,2.724,0
mm_2.bz2,24,8,6,9,64000,7.971,1
fp_1.bz2,24,8,6,9,64000,0.832,1
fp_2.bz2,24,8,6,9,64000,0.989,1
int_1.bz2,24,8,6,9,64000,8.098,1
int_2.bz2,24,8,6,9,64000,0.345,1
mm_1.bz2,24,8,7,5,38400,6.151,0
mm_2.bz2,24,8,7,5,38400,10.873,0
fp_1.bz2,24,8,7,5,38400,1.164,0
fp_2.bz2,24,8,7,5,38400,4.676,0
int_1.bz2,24,8,7,5,38400,13.960,0
int_2.bz2,24,8,7,5,38400,0.483,0
mm_1.bz2,24,8,7,6,44800,5.094,0
mm_2.bz2,24,8,7,6,44800,9.414,0
fp_1.bz2,24,8,7,6,44800,0.918,1
fp_2.bz2,24,8,7,6,44800,2.494,1
int_1.bz2,24,8,7,6,44800,11.264,1
int_2.bz2,24,8,7,6,44800,0.408,1
mm_1.bz2,24,8,7,7,51200,3.745,0
mm_2.bz2,24,8,7,7,51200,8.880,0
fp_1.bz2,24,8,7,7,51200,0.839,1
fp_2.bz2,24,8,7,7,51200,1.227,1
int_1.bz2,24,8,7,7,51200,9.513,1
int_2.bz2,24,8,7,7,51200,0.386,1
mm_1.bz2,24,8,7,8,57600,2.963,0
mm_2.bz2,24,8,7,8,57600,8.801,0
fp_1.bz2,24,8,7,8,57600,0.839,1
fp_2.bz2,24,8,7,8,57600,1.022,1
int_1.bz2,24,8,7,8,57600,8.464,1
int_2.bz2,24,8,7,8,57600,0.384,1
mm_1.bz2,24,8,7,9,64000,2.910,0
mm_2.bz2,24,8,7,9,64000,8.800,0
fp_1.bz2,24,8,7,9,64000,0.839,1
fp_2.bz2,24,8,7,9,64000,1.021,1
int_1.bz2,24,8,7,9,64000,8.327,1
int_2.bz2,24,8,7,9,64000,0.384,1
mm_1.bz2,24,8,8,5,38400,8.961,0
mm_2.bz2,24,8,8,5,38400,14.930,0
fp_1.bz2,24,8,8,5,38400,1.417,0
fp_2.bz2,24,8,8,5,38400,11.857,0
int_1.bz2,24,8,8,5,38400,16.938,0
int_2.bz2,24,8,8,5,38400,0.638,0
mm_1.bz2,24,8,8,6,44800,6.097,0
mm_2.bz2,24,8,8,6,44800,11.828,0
fp_1.bz2,24,8,8,6,44800,1.091,0
fp_2.bz2,24,8,8,6,44800,4.709,0
int_1.bz2,24,8,8,6,44800,13.986,0
int_2.bz2,24,8,8,6,44800,0.511,0
mm_1.bz2,24,8,8,7,51200,5.171,0
mm_2.bz2,24,8,8,7,51200,10.444,0
fp_1.bz2,24,8,8,7,51200,0.928,1
fp_2.bz2,24,8,8,7,51200,2.476,1
int_1.bz2,24,8,8,7,51200,11.313,1
int_2.bz2,24,8,8,7,51200,0.458,0
mm_1.bz2,24,8,8,8,57600,3.842,0
mm_2.bz2,24,8,8,8,57600,10.010,0
fp_1.bz2,24,8,8,8,57600,0.852,1
fp_2.bz2,24,8,8,8,57600,1.283,1
int_1.bz2,24,8,8,8,57600,9.707,1
int_2.bz2,24,8,8,8,57600,0.446,0
mm_1.bz2,24,8,8,9,64000,3.148,0
mm_2.bz2,24,8,8,9,64000,9.958,0
fp_1.bz2,24,8,8,9,64000,0.852,1
fp_2.bz2,24,8,8,9,64000,1.084,1
int_1.bz2,24,8,8,9,64000,8.863,1
int_2.bz2,24,8,8,9,64000,0.446,0
mm_1.bz2,26,6,5,5,10368,4.261,0
mm_2.bz2,26,6,5,5,10368,10.598,0
fp_1.bz2,26,6,5,5,10368,0.988,1
fp_2.bz2,26,6,5,5,10368,1.476,1
int_1.bz2,26,6,5,5,10368,12.771,0
int_2.bz2,26,6,5,5,10368,0.362,1
mm_1.bz2,26,6,5,6,12096,2.880,0
mm_2.bz2,26,6,5,6,12096,10.452,0
fp_1.bz2,26,6,5,6,12096,0.844,1
fp_2.bz2,26,6,5,6,12096,0.989,1
int_1.bz2,26,6,5,6,12096,11.521,1
int_2.bz2,26,6,5,6,12096,0.344,1
mm_1.bz2,26,6,5,7,13824,2.488,1
mm_2.bz2,26,6,5,7,13824,10.442,0
fp_1.bz2,26,6,5,7,13824,0.844,1
fp_2.bz2,26,6,5,7,13824,0.981,1
int_1.bz2,26,6,5,7,13824,11.215,1
int_2.bz2,26,6,5,7,13824,0.341,1
mm_1.bz2,26,6,5,8,15552,2.470,1
mm_2.bz2,26,6,5,8,15552,10.442,0
fp_1.bz2,26,6,5,8,15552,0.844,1
fp_2.bz2,26,6,5,8,15552,0.981,1
int_1.bz2,26,6,5,8,15552,11.181,1
int_2.bz2,26,6,5,8,15552,0.341,1
mm_1.bz2,26,6,5,9,17280,2.466,1
mm_2.bz2,26,6,5,9,17280,10.442,0
fp_1.bz2,26,6,5,9,17280,0.844,1
fp_2.bz2,26,6,5,9,17280,0.981,1
int_1.bz2,26,6,5,9,17280,11.181,1
int_2.bz2,26,6,5,9,17280,0.341,1
mm_1.bz2,26,6,6,5,10368,6.576,0
mm_2.bz2,26,6,6,5,10368,11.977,0
fp_1.bz2,26,6,6,5,10368,1.072,0
fp_2.bz2,26,6,6,5,10368,2.481,1
int_1.bz2,26,6,6,5,10368,14.198,0
int_2.bz2,26,6,6,5,10368,0.480,0
mm_1.bz2,26,6,6,6,12096,4.168,0
mm_2.bz2,26,6,6,6,12096,11.438,0
fp_1.bz2,26,6,6,6,12096,0.971,1
fp_2.bz2,26,6,6,6,12096,1.384,1
int_1.bz2,26,6,6,6,12096,12.241,1
int_2.bz2,26,6,6,6,12096,0.389,1
mm_1.bz2,26,6,6,7,13824,2.942,0
mm_2.bz2,26,6,6,7,13824,11.310,0
fp_1.bz2,26,6,6,7,13824,0.855,1
fp_2.bz2,26,6,6,7,13824,1.008,1
int_1.bz2,26,6,6,7,13824,11.199,1
int_2.bz2,26,6,6,7,13824,0.377,1
mm_1.bz2,26,6,6,8,15552,2.621,0
mm_2.bz2,26,6,6,8,15552,11.304,0
fp_1.bz2,26,6,6,8,15552,0.855,1
fp_2.bz2,26,6,6,8,15552,1.000,1
int_1.bz2,26,6,6,8,15552,11.010,1
int_2.bz2,26,6,6,8,15552,0.376,1
mm_1.bz2,26,6,6,9,17280,2.593,0
mm_2.bz2,26,6,6,9,17280,11.304,0
fp_1.bz2,26,6,6,9,17280,0.855,1
fp_2.bz2,26,6,6,9,17280,1.000,1
int_1.bz2,26,6,6,9,17280,10.996,1
int_2.bz2,26,6,6,9,17280,0.376,1
mm_1.bz2,26,6,7,5,10368,9.381,0
mm_2.bz2,26,6,7,5,10368,14.612,0
fp_1.bz2,26,6,7,5,10368,1.395,0
fp_2.bz2,26,6,7,5,10368,6.338,0
int_1.bz2,26,6,7,5,10368,17.187,0
int_2.bz2,26,6,7,5,10368,0.629,0
mm_1.bz2,26,6,7,6,12096,6.441,0
mm_2.bz2,26,6,7,6,12096,13.094,0
fp_1.bz2,26,6,7,6,12096,1.033,0
fp_2.bz2,26,6,7,6,12096,2.202,1
int_1.bz2,26,6,7,6,12096,13.974,0
int_2.bz2,26,6,7,6,12096,0.510,0
mm_1.bz2,26,6,7,7,13824,4.055,0
mm_2.bz2,26,6,7,7,13824,12.495,0
fp_1.bz2,26,6,7,7,13824,0.961,1
fp_2.bz2,26,6,7,7,13824,1.254,1
int_1.bz2,26,6,7,7,13824,12.158,1
int_2.bz2,26,6,7,7,13824,0.445,0
mm_1.bz2,26,6,7,8,15552,3.081,0
mm_2.bz2,26,6,7,8,15552,12.375,0
fp_1.bz2,26,6,7,8,15552,0.875,1
fp_2.bz2,26,6,7,8,15552,1.049,1
int_1.bz2,26,6,7,8,15552,11.269,1
int_2.bz2,26,6,7,8,15552,0.438,0
mm_1.bz2,26,6,7,9,17280,2.857,0
mm_2.bz2,26,6,7,9,17280,12.370,0
fp_1.bz2,26,6,7,9,17280,0.875,1
fp_2.bz2,26,6,7,9,17280,1.039,1
int_1.bz2,26,6,7,9,17280,11.152,1
int_2.bz2,26,6,7,9,17280,0.438,0
mm_1.bz2,26,6,8,5,10368,15.919,0
mm_2.bz2,26,6,8,5,10368,18.772,0
fp_1.bz2,26,6,8,5,10368,1.774,0
fp_2.bz2,26,6,8,5,10368,9.771,0
int_1.bz2,26,6,8,5,10368,21.691,0
int_2.bz2,26,6,8,5,10368,0.821,0
mm_1.bz2,26,6,8,6,12096,9.130,0
mm_2.bz2,26,6,8,6,12096,15.981,0
fp_1.bz2,26,6,8,6,12096,1.369,0
fp_2.bz2,26,6,8,6,12096,6.163,0
int_1.bz2,26,6,8,6,12096,17.182,0
int_2.bz2,26,6,8,6,12096,0.647,0
mm_1.bz2,26,6,8,7,13824,6.383,0
mm_2.bz2,26,6,8,7,13824,14.352,0
fp_1.bz2,26,6,8,7,13824,1.027,0
fp_2.bz2,26,6,8,7,13824,2.326,1
int_1.bz2,26,6,8,7,13824,14.039,0
int_2.bz2,26,6,8,7,13824,0.564,0
mm_1.bz2,26,6,8,8,15552,4.252,0
mm_2.bz2,26,6,8,8,15552,13.726,0
fp_1.bz2,26,6,8,8,15552,0.961,1
fp_2.bz2,26,6,8,8,15552,1.325,1
int_1.bz2,26,6,8,8,15552,12.314,1
int_2.bz2,26,6,8,8,15552,0.533,0
mm_1.bz2,26,6,8,9,17280,3.356,0
mm_2.bz2,26,6,8,9,17280,13.628,0
fp_1.bz2,26,6,8,9,17280,0.912,1
fp_2.bz2,26,6,8,9,17280,1.111,1
int_1.bz2,26,6,8,9,17280,11.592,1
int_2.bz2,26,6,8,9,17280,0.530,0
mm_1.bz2,26,7,5,5,20736,3.424,0
mm_2.bz2,26,7,5,5,20736,8.960,0
fp_1.bz2,26,7,5,5,20736,0.982,1
fp_2.bz2,26,7,5,5,20736,1.473,1
int_1.bz2,26,7,5,5,20736,11.165,1
int_2.bz2,26,7,5,5,20736,0.336,1
mm_1.bz2,26,7,5,6,24192,2.522,1
mm_2.bz2,26,7,5,6,24192,8.748,0
fp_1.bz2,26,7,5,6,24192,0.839,1
fp_2.bz2,26,7,5,6,24192,0.987,1
int_1.bz2,26,7,5,6,24192,9.886,1
int_2.bz2,26,7,5,6,24192,0.324,1
mm_1.bz2,26,7,5,7,27648,2.494,1
mm_2.bz2,26,7,5,7,27648,8.749,0
fp_1.bz2,26,7,5,7,27648,0.839,1
fp_2.bz2,26,7,5,7,27648,0.980,1
int_1.bz2,26,7,5,7,27648,9.471,1
int_2.bz2,26,7,5,7,27648,0.323,1
mm_1.bz2,26,7,5,8,31104,2.427,1
mm_2.bz2,26,7,5,8,31104,8.749,0
fp_1.bz2,26,7,5,8,31104,0.839,1
fp_2.bz2,26,7,5,8,31104,0.980,1
int_1.bz2,26,7,5,8,31104,9.339,1
int_2.bz2,26,7,5,8,31104,0.323,1
mm_1.bz2,26,7,5,9,34560,2.426,1
mm_2.bz2,26,7,5,9,34560,8.749,0
fp_1.bz2,26,7,5,9,34560,0.839,1
fp_2.bz2,26,7,5,9,34560,0.980,1
int_1.bz2,26,7,5,9,34560,9.328,1
int_2.bz2,26,7,5,9,34560,0.323,1
mm_1.bz2,26,7,6,5,20736,4.752,0
mm_2.bz2,26,7,6,5,20736,10.175,0
fp_1.bz2,26,7,6,5,20736,1.090,0
fp_2.bz2,26,7,6,5,20736,2.478,1
int_1.bz2,26,7,6,5,20736,12.510,1
int_2.bz2,26,7,6,5,20736,0.412,1
mm_1.bz2,26,7,6,6,24192,3.438,0
mm_2.bz2,26,7,6,6,24192,9.532,0
fp_1.bz2,26,7,6,6,24192,0.965,1
fp_2.bz2,26,7,6,6,24192,1.383,1
int_1.bz2,26,7,6,6,24192,10.713,1
int_2.bz2,26,7,6,6,24192,0.352,1
mm_1.bz2,26,7,6,7,27648,2.630,0
mm_2.bz2,26,7,6,7,27648,9.370,0
fp_1.bz2,26,7,6,7,27648,0.848,1
fp_2.bz2,26,7,6,7,27648,1.006,1
int_1.bz2,26,7,6,7,27648,9.639,1
int_2.bz2,26,7,6,7,27648,0.347,1
mm_1.bz2,26,7,6,8,31104,2.547,1
mm_2.bz2,26,7,6,8,31104,9.372,0
fp_1.bz2,26,7,6,8,31104,0.848,1
fp_2.bz2,26,7,6,8,31104,0.998,1
int_1.bz2,26,7,6,8,31104,9.308,1
int_2.bz2,26,7,6,8,31104,0.347,1
mm_1.bz2,26,7,6,9,34560,2.503,1
mm_2.bz2,26,7,6,9,34560,9.372,0
fp_1.bz2,26,7,6,9,34560,0.848,1
fp_2.bz2,26,7,6,9,34560,0.998,1
int_1.bz2,26,7,6,9,34560,9.220,1
int_2.bz2,26,7,6,9,34560,0.347,1
mm_1.bz2,26,7,7,5,20736,7.096,0
mm_2.bz2,26,7,7,5,20736,12.608,0
fp_1.bz2,26,7,7,5,20736,1.339,0
fp_2.bz2,26,7,7,5,20736,6.330,0
int_1.bz2,26,7,7,5,20736,15.232,0
int_2.bz2,26,7,7,5,20736,0.523,0
mm_1.bz2,26,7,7,6,24192,4.904,0
mm_2.bz2,26,7,7,6,24192,11.014,0
fp_1.bz2,26,7,7,6,24192,1.098,0
fp_2.bz2,26,7,7,6,24192,2.199,1
int_1.bz2,26,7,7,6,24192,12.312,1
int_2.bz2,26,7,7,6,24192,0.439,0
mm_1.bz2,26,7,7,7,27648,3.386,0
mm_2.bz2,26,7,7,7,27648,10.400,0
fp_1.bz2,26,7,7,7,27648,0.911,1
fp_2.bz2,26,7,7,7,27648,1.252,1
int_1.bz2,26,7,7,7,27648,10.657,1
int_2.bz2,26,7,7,7,27648,0.392,1
mm_1.bz2,26,7,7,8,31104,2.734,0
mm_2.bz2,26,7,7,8,31104,10.272,0
fp_1.bz2,26,7,7,8,31104,0.867,1
fp_2.bz2,26,7,7,8,31104,1.047,1
int_1.bz2,26,7,7,8,31104,9.738,1
int_2.bz2,26,7,7,8,31104,0.391,1
mm_1.bz2,26,7,7,9,34560,2.691,0
mm_2.bz2,26,7,7,9,34560,10.272,0
fp_1.bz2,26,7,7,9,34560,0.867,1
fp_2.bz2,26,7,7,9,34560,1.036,1
int_1.bz2,26,7,7,9,34560,9.446,1
int_2.bz2,26,7,7,9,34560,0.391,1
mm_1.bz2,26,7,8,5,20736,11.247,0
mm_2.bz2,26,7,8,5,20736,16.897,0
fp_1.bz2,26,7,8,5,20736,1.599,0
fp_2.bz2,26,7,8,5,20736,9.769,0
int_1.bz2,26,7,8,5,20736,19.132,0
int_2.bz2,26,7,8,5,20736,0.725,0
mm_1.bz2,26,7,8,6,24192,7.131,0
mm_2.bz2,26,7,8,6,24192,13.809,0
fp_1.bz2,26,7,8,6,24192,1.275,0
fp_2.bz2,26,7,8,6,24192,6.158,0
int_1.bz2,26,7,8,6,24192,15.256,0
int_2.bz2,26,7,8,6,24192,0.549,0
mm_1.bz2,26,7,8,7,27648,5.002,0
mm_2.bz2,26,7,8,7,27648,12.143,0
fp_1.bz2,26,7,8,7,27648,1.032,0
fp_2.bz2,26,7,8,7,27648,2.323,1
int_1.bz2,26,7,8,7,27648,12.304,1
int_2.bz2,26,7,8,7,27648,0.487,0
mm_1.bz2,26,7,8,8,31104,3.475,0
mm_2.bz2,26,7,8,8,31104,11.570,0
fp_1.bz2,26,7,8,8,31104,0.949,1
fp_2.bz2,26,7,8,8,31104,1.321,1
int_1.bz2,26,7,8,8,31104,10.854,1
int_2.bz2,26,7,8,8,31104,0.463,0
mm_1.bz2,26,7,8,9,34560,2.984,0
mm_2.bz2,26,7,8,9,34560,11.486,0
fp_1.bz2,26,7,8,9,34560,0.901,1
fp_2.bz2,26,7,8,9,34560,1.107,1
int_1.bz2,26,7,8,9,34560,10.079,1
int_2.bz2,26,7,8,9,34560,0.462,0
mm_1.bz2,26,8,5,5,41472,3.232,0
mm_2.bz2,26,8,5,5,41472,7.583,1
fp_1.bz2,26,8,5,5,41472,0.911,1
fp_2.bz2,26,8,5,5,41472,1.450,1
int_1.bz2,26,8,5,5,41472,10.029,1
int_2.bz2,26,8,5,5,41472,0.327,1
mm_1.bz2,26,8,5,6,48384,2.484,1
mm_2.bz2,26,8,5,6,48384,7.361,1
fp_1.bz2,26,8,5,6,48384,0.827,1
fp_2.bz2,26,8,5,6,48384,0.979,1
int_1.bz2,26,8,5,6,48384,8.539,1
int_2.bz2,26,8,5,6,48384,0.319,1
mm_1.bz2,26,8,5,7,55296,2.451,1
mm_2.bz2,26,8,5,7,55296,7.348,1
fp_1.bz2,26,8,5,7,55296,0.827,1
fp_2.bz2,26,8,5,7,55296,0.976,1
int_1.bz2,26,8,5,7,55296,8.168,1
int_2.bz2,26,8,5,7,55296,0.318,1
mm_1.bz2,26,8,5,8,62208,2.394,1
mm_2.bz2,26,8,5,8,62208,7.348,1
fp_1.bz2,26,8,5,8,62208,0.827,1
fp_2.bz2,26,8,5,8,62208,0.976,1
int_1.bz2,26,8,5,8,62208,8.124,1
int_2.bz2,26,8,5,8,62208,0.318,1
mm_1.bz2,26,8,6,5,41472,4.408,0
mm_2.bz2,26,8,6,5,41472,8.563,0
fp_1.bz2,26,8,6,5,41472,0.996,0
fp_2.bz2,26,8,6,5,41472,2.312,1
int_1.bz2,26,8,6,5,41472,11.251,1
int_2.bz2,26,8,6,5,41472,0.378,1
mm_1.bz2,26,8,6,6,48384,3.220,0
mm_2.bz2,26,8,6,6,48384,7.993,1
fp_1.bz2,26,8,6,6,48384,0.831,1
fp_2.bz2,26,8,6,6,48384,1.361,1
int_1.bz2,26,8,6,6,48384,9.516,1
int_2.bz2,26,8,6,6,48384,0.338,1
mm_1.bz2,26,8,6,7,55296,2.586,0
mm_2.bz2,26,8,6,7,55296,7.854,1
fp_1.bz2,26,8,6,7,55296,0.831,1
fp_2.bz2,26,8,6,7,55296,0.992,1
int_1.bz2,26,8,6,7,55296,8.273,1
int_2.bz2,26,8,6,7,55296,0.336,1
mm_1.bz2,26,8,6,8,62208,2.508,1
mm_2.bz2,26,8,6,8,62208,7.854,1
fp_1.bz2,26,8,6,8,62208,0.831,1
fp_2.bz2,26,8,6,8,62208,0.991,1
int_1.bz2,26,8,6,8,62208,8.057,1
int_2.bz2,26,8,6,8,62208,0.336,1
mm_1.bz2,26,8,7,5,41472,5.979,0
mm_2.bz2,26,8,7,5,41472,10.663,0
fp_1.bz2,26,8,7,5,41472,1.168,0
fp_2.bz2,26,8,7,5,41472,5.960,0
int_1.bz2,26,8,7,5,41472,13.716,0
int_2.bz2,26,8,7,5,41472,0.469,0
mm_1.bz2,26,8,7,6,48384,4.683,0
mm_2.bz2,26,8,7,6,48384,9.227,0
fp_1.bz2,26,8,7,6,48384,0.918,1
fp_2.bz2,26,8,7,6,48384,2.030,1
int_1.bz2,26,8,7,6,48384,10.936,1
int_2.bz2,26,8,7,6,48384,0.399,1
mm_1.bz2,26,8,7,7,55296,3.258,0
mm_2.bz2,26,8,7,7,55296,8.748,0
fp_1.bz2,26,8,7,7,55296,0.838,1
fp_2.bz2,26,8,7,7,55296,1.221,1
int_1.bz2,26,8,7,7,55296,9.384,1
int_2.bz2,26,8,7,7,55296,0.372,1
mm_1.bz2,26,8,7,8,62208,2.667,0
mm_2.bz2,26,8,7,8,62208,8.664,0
fp_1.bz2,26,8,7,8,62208,0.838,1
fp_2.bz2,26,8,7,8,62208,1.024,1
int_1.bz2,26,8,7,8,62208,8.352,1
int_2.bz2,26,8,7,8,62208,0.372,1
mm_1.bz2,26,8,8,5,41472,8.502,0
mm_2.bz2,26,8,8,5,41472,14.606,0
fp_1.bz2,26,8,8,5,41472,1.423,0
fp_2.bz2,26,8,8,5,41472,9.307,0
int_1.bz2,26,8,8,5,41472,16.604,0
int_2.bz2,26,8,8,5,41472,0.628,0
mm_1.bz2,26,8,8,6,48384,5.945,0
mm_2.bz2,26,8,8,6,48384,11.582,0
fp_1.bz2,26,8,8,6,48384,1.088,0
fp_2.bz2,26,8,8,6,48384,5.787,0
int_1.bz2,26,8,8,6,48384,13.715,0
int_2.bz2,26,8,8,6,48384,0.498,0
mm_1.bz2,26,8,8,7,55296,4.725,0
mm_2.bz2,26,8,8,7,55296,10.247,0
fp_1.bz2,26,8,8,7,55296,0.926,1
fp_2.bz2,26,8,8,7,55296,2.160,1
int_1.bz2,26,8,8,7,55296,10.929,1
int_2.bz2,26,8,8,7,55296,0.444,0
mm_1.bz2,26,8,8,8,62208,3.368,0
mm_2.bz2,26,8,8,8,62208,9.850,0
fp_1.bz2,26,8,8,8,62208,0.851,1
fp_2.bz2,26,8,8,8,62208,1.296,1
int_1.bz2,26,8,8,8,62208,9.572,1
int_2.bz2,26,8,8,8,62208,0.428,0
mm_1.bz2,28,6,5,5,11136,4.188,0
mm_2.bz2,28,6,5,5,11136,10.553,0
fp_1.bz2,28,6,5,5,11136,0.997,0
fp_2.bz2,28,6,5,5,11136,1.317,1
int_1.bz2,28,6,5,5,11136,12.552,1
int_2.bz2,28,6,5,5,11136,0.351,1
mm_1.bz2,28,6,5,6,12992,2.803,0
mm_2.bz2,28,6,5,6,12992,10.388,0
fp_1.bz2,28,6,5,6,12992,0.845,1
fp_2.bz2,28,6,5,6,12992,0.983,1
int_1.bz2,28,6,5,6,12992,11.344,1
int_2.bz2,28,6,5,6,12992,0.334,1
mm_1.bz2,28,6,5,7,14848,2.411,1
mm_2.bz2,28,6,5,7,14848,10.389,0
fp_1.bz2,28,6,5,7,14848,0.845,1
fp_2.bz2,28,6,5,7,14848,0.980,1
int_1.bz2,28,6,5,7,14848,11.042,1
int_2.bz2,28,6,5,7,14848,0.332,1
mm_1.bz2,28,6,5,8,16704,2.403,1
mm_2.bz2,28,6,5,8,16704,10.389,0
fp_1.bz2,28,6,5,8,16704,0.845,1
fp_2.bz2,28,6,5,8,16704,0.980,1
int_1.bz2,28,6,5,8,16704,11.017,1
int_2.bz2,28,6,5,8,16704,0.332,1
mm_1.bz2,28,6,5,9,18560,2.404,1
mm_2.bz2,28,6,5,9,18560,10.389,0
fp_1.bz2,28,6,5,9,18560,0.845,1
fp_2.bz2,28,6,5,9,18560,0.980,1
int_1.bz2,28,6,5,9,18560,11.017,1
int_2.bz2,28,6,5,9,18560,0.332,1
mm_1.bz2,28,6,6,5,11136,6.367,0
mm_2.bz2,28,6,6,5,11136,11.888,0
fp_1.bz2,28,6,6,5,11136,1.086,0
fp_2.bz2,28,6,6,5,11136,2.432,1
int_1.bz2,28,6,6,5,11136,13.949,0
int_2.bz2,28,6,6,5,11136,0.457,0
mm_1.bz2,28,6,6,6,12992,4.049,0
mm_2.bz2,28,6,6,6,12992,11.336,0
fp_1.bz2,28,6,6,6,12992,0.974,1
fp_2.bz2,28,6,6,6,12992,1.238,1
int_1.bz2,28,6,6,6,12992,12.007,1
int_2.bz2,28,6,6,6,12992,0.377,1
mm_1.bz2,28,6,6,7,14848,2.834,0
mm_2.bz2,28,6,6,7,14848,11.201,0
fp_1.bz2,28,6,6,7,14848,0.855,1
fp_2.bz2,28,6,6,7,14848,0.995,1
int_1.bz2,28,6,6,7,14848,10.991,1
int_2.bz2,28,6,6,7,14848,0.367,1
mm_1.bz2,28,6,6,8,16704,2.530,1
mm_2.bz2,28,6,6,8,16704,11.195,0
fp_1.bz2,28,6,6,8,16704,0.855,1
fp_2.bz2,28,6,6,8,16704,0.995,1
int_1.bz2,28,6,6,8,16704,10.799,1
int_2.bz2,28,6,6,8,16704,0.366,1
mm_1.bz2,28,6,6,9,18560,2.548,1
mm_2.bz2,28,6,6,9,18560,11.195,0
fp_1.bz2,28,6,6,9,18560,0.855,1
fp_2.bz2,28,6,6,9,18560,0.995,1
int_1.bz2,28,6,6,9,18560,10.789,1
int_2.bz2,28,6,6,9,18560,0.366,1
mm_1.bz2,28,6,7,5,11136,8.989,0
mm_2.bz2,28,6,7,5,11136,14.372,0
fp_1.bz2,28,6,7,5,11136,1.392,0
fp_2.bz2,28,6,7,5,11136,5.295,0
int_1.bz2,28,6,7,5,11136,16.768,0
int_2.bz2,28,6,7,5,11136,0.604,0
mm_1.bz2,28,6,7,6,12992,6.258,0
mm_2.bz2,28,6,7,6,12992,12.954,0
fp_1.bz2,28,6,7,6,12992,1.044,0
fp_2.bz2,28,6,7,6,12992,2.313,1
int_1.bz2,28,6,7,6,12992,13.698,0
int_2.bz2,28,6,7,6,12992,0.490,0
mm_1.bz2,28,6,7,7,14848,3.818,0
mm_2.bz2,28,6,7,7,14848,12.353,0
fp_1.bz2,28,6,7,7,14848,0.974,1
fp_2.bz2,28,6,7,7,14848,1.250,1
int_1.bz2,28,6,7,7,14848,11.919,1
int_2.bz2,28,6,7,7,14848,0.431,0
mm_1.bz2,28,6,7,8,16704,2.956,0
mm_2.bz2,28,6,7,8,16704,12.246,0
fp_1.bz2,28,6,7,8,16704,0.876,1
fp_2.bz2,28,6,7,8,16704,1.028,1
int_1.bz2,28,6,7,8,16704,11.046,1
int_2.bz2,28,6,7,8,16704,0.423,1
mm_1.bz2,28,6,7,9,18560,2.692,0
mm_2.bz2,28,6,7,9,18560,12.239,0
fp_1.bz2,28,6,7,9,18560,0.876,1
fp_2.bz2,28,6,7,9,18560,1.028,1
int_1.bz2,28,6,7,9,18560,10.927,1
int_2.bz2,28,6,7,9,18560,0.423,1
mm_1.bz2,28,6,8,5,11136,15.491,0
mm_2.bz2,28,6,8,5,11136,18.417,0
fp_1.bz2,28,6,8,5,11136,1.768,0
fp_2.bz2,28,6,8,5,11136,9.648,0
int_1.bz2,28,6,8,5,11136,21.103,0
int_2.bz2,28,6,8,5,11136,0.801,0
mm_1.bz2,28,6,8,6,12992,8.964,0
mm_2.bz2,28,6,8,6,12992,15.727,0
fp_1.bz2,28,6,8,6,12992,1.361,0
fp_2.bz2,28,6,8,6,12992,4.546,0
int_1.bz2,28,6,8,6,12992,16.747,0
int_2.bz2,28,6,8,6,12992,0.627,0
mm_1.bz2,28,6,8,7,14848,6.359,0
mm_2.bz2,28,6,8,7,14848,14.159,0
fp_1.bz2,28,6,8,7,14848,1.026,0
fp_2.bz2,28,6,8,7,14848,2.173,1
int_1.bz2,28,6,8,7,14848,13.772,0
int_2.bz2,28,6,8,7,14848,0.542,0
mm_1.bz2,28,6,8,8,16704,3.945,0
mm_2.bz2,28,6,8,8,16704,13.554,0
fp_1.bz2,28,6,8,8,16704,0.960,1
fp_2.bz2,28,6,8,8,16704,1.309,1
int_1.bz2,28,6,8,8,16704,12.081,1
int_2.bz2,28,6,8,8,16704,0.515,0
mm_1.bz2,28,6,8,9,18560,3.212,0
mm_2.bz2,28,6,8,9,18560,13.462,0
fp_1.bz2,28,6,8,9,18560,0.913,1
fp_2.bz2,28,6,8,9,18560,1.090,1
int_1.bz2,28,6,8,9,18560,11.379,1
int_2.bz2,28,6,8,9,18560,0.512,0
mm_1.bz2,28,7,5,5,22272,3.284,0
mm_2.bz2,28,7,5,5,22272,8.899,0
fp_1.bz2,28,7,5,5,22272,0.990,1
fp_2.bz2,28,7,5,5,22272,1.315,1
int_1.bz2,28,7,5,5,22272,11.007,1
int_2.bz2,28,7,5,5,22272,0.330,1
mm_1.bz2,28,7,5,6,25984,2.529,1
mm_2.bz2,28,7,5,6,25984,8.682,0
fp_1.bz2,28,7,5,6,25984,0.839,1
fp_2.bz2,28,7,5,6,25984,0.982,1
int_1.bz2,28,7,5,6,25984,9.784,1
int_2.bz2,28,7,5,6,25984,0.319,1
mm_1.bz2,28,7,5,7,29696,2.318,1
mm_2.bz2,28,7,5,7,29696,8.672,0
fp_1.bz2,28,7,5,7,29696,0.838,1
fp_2.bz2,28,7,5,7,29696,0.978,1
int_1.bz2,28,7,5,7,29696,9.346,1
int_2.bz2,28,7,5,7,29696,0.319,1
mm_1.bz2,28,7,5,8,33408,2.307,1
mm_2.bz2,28,7,5,8,33408,8.672,0
fp_1.bz2,28,7,5,8,33408,0.838,1
fp_2.bz2,28,7,5,8,33408,0.978,1
int_1.bz2,28,7,5,8,33408,9.206,1
int_2.bz2,28,7,5,8,33408,0.319,1
mm_1.bz2,28,7,5,9,37120,2.307,1
mm_2.bz2,28,7,5,9,37120,8.672,0
fp_1.bz2,28,7,5,9,37120,0.838,1
fp_2.bz2,28,7,5,9,37120,0.978,1
int_1.bz2,28,7,5,9,37120,9.196,1
int_2.bz2,28,7,5,9,37120,0.319,1
mm_1.bz2,28,7,6,5,22272,4.611,0
mm_2.bz2,28,7,6,5,22272,10.038,0
fp_1.bz2,28,7,6,5,22272,1.090,0
fp_2.bz2,28,7,6,5,22272,2.430,1
int_1.bz2,28,7,6,5,22272,12.366,1
int_2.bz2,28,7,6,5,22272,0.398,1
mm_1.bz2,28,7,6,6,25984,3.331,0
mm_2.bz2,28,7,6,6,25984,9.425,0
fp_1.bz2,28,7,6,6,25984,0.969,1
fp_2.bz2,28,7,6,6,25984,1.235,1
int_1.bz2,28,7,6,6,25984,10.537,1
int_2.bz2,28,7,6,6,25984,0.349,1
mm_1.bz2,28,7,6,7,29696,2.488,1
mm_2.bz2,28,7,6,7,29696,9.266,0
fp_1.bz2,28,7,6,7,29696,0.850,1
fp_2.bz2,28,7,6,7,29696,0.993,1
int_1.bz2,28,7,6,7,29696,9.504,1
int_2.bz2,28,7,6,7,29696,0.344,1
mm_1.bz2,28,7,6,8,33408,2.428,1
mm_2.bz2,28,7,6,8,33408,9.265,0
fp_1.bz2,28,7,6,8,33408,0.850,1
fp_2.bz2,28,7,6,8,33408,0.993,1
int_1.bz2,28,7,6,8,33408,9.170,1
int_2.bz2,28,7,6,8,33408,0.344,1
mm_1.bz2,28,7,6,9,37120,2.437,1
mm_2.bz2,28,7,6,9,37120,9.265,0
fp_1.bz2,28,7,6,9,37120,0.850,1
fp_2.bz2,28,7,6,9,37120,0.993,1
int_1.bz2,28,7,6,9,37120,9.078,1
int_2.bz2,28,7,6,9,37120,0.344,1
mm_1.bz2,28,7,7,5,22272,6.872,0
mm_2.bz2,28,7,7,5,22272,12.355,0
fp_1.bz2,28,7,7,5,22272,1.341,0
fp_2.bz2,28,7,7,5,22272,5.247,0
int_1.bz2,28,7,7,5,22272,14.910,0
int_2.bz2,28,7,7,5,22272,0.512,0
mm_1.bz2,28,7,7,6,25984,4.740,0
mm_2.bz2,28,7,7,6,25984,10.847,0
fp_1.bz2,28,7,7,6,25984,1.097,0
fp_2.bz2,28,7,7,6,25984,2.312,1
int_1.bz2,28,7,7,6,25984,12.139,1
int_2.bz2,28,7,7,6,25984,0.425,1
mm_1.bz2,28,7,7,7,29696,3.271,0
mm_2.bz2,28,7,7,7,29696,10.253,0
fp_1.bz2,28,7,7,7,29696,0.913,1
fp_2.bz2,28,7,7,7,29696,1.247,1
int_1.bz2,28,7,7,7,29696,10.483,1
int_2.bz2,28,7,7,7,29696,0.389,1
mm_1.bz2,28,7,7,8,33408,2.624,0
mm_2.bz2,28,7,7,8,33408,10.136,0
fp_1.bz2,28,7,7,8,33408,0.867,1
fp_2.bz2,28,7,7,8,33408,1.025,1
int_1.bz2,28,7,7,8,33408,9.591,1
int_2.bz2,28,7,7,8,33408,0.385,1
mm_1.bz2,28,7,7,9,37120,2.577,1
mm_2.bz2,28,7,7,9,37120,10.137,0
fp_1.bz2,28,7,7,9,37120,0.867,1
fp_2.bz2,28,7,7,9,37120,1.025,1
int_1.bz2,28,7,7,9,37120,9.283,1
int_2.bz2,28,7,7,9,37120,0.385,1
mm_1.bz2,28,7,8,5,22272,10.660,0
mm_2.bz2,28,7,8,5,22272,16.496,0
fp_1.bz2,28,7,8,5,22272,1.599,0
fp_2.bz2,28,7,8,5,22272,9.646,0
int_1.bz2,28,7,8,5,22272,18.734,0
int_2.bz2,28,7,8,5,22272,0.696,0
mm_1.bz2,28,7,8,6,25984,6.688,0
mm_2.bz2,28,7,8,6,25984,13.565,0
fp_1.bz2,28,7,8,6,25984,1.274,0
fp_2.bz2,28,7,8,6,25984,4.560,0
int_1.bz2,28,7,8,6,25984,14.922,0
int_2.bz2,28,7,8,6,25984,0.544,0
mm_1.bz2,28,7,8,7,29696,4.903,0
mm_2.bz2,28,7,8,7,29696,11.931,0
fp_1.bz2,28,7,8,7,29696,1.031,0
fp_2.bz2,28,7,8,7,29696,2.169,1
int_1.bz2,28,7,8,7,29696,12.150,1
int_2.bz2,28,7,8,7,29696,0.478,0
mm_1.bz2,28,7,8,8,33408,3.345,0
mm_2.bz2,28,7,8,8,33408,11.397,0
fp_1.bz2,28,7,8,8,33408,0.949,1
fp_2.bz2,28,7,8,8,33408,1.305,1
int_1.bz2,28,7,8,8,33408,10.676,1
int_2.bz2,28,7,8,8,33408,0.457,0
mm_1.bz2,28,7,8,9,37120,2.842,0
mm_2.bz2,28,7,8,9,37120,11.317,0
fp_1.bz2,28,7,8,9,37120,0.901,1
fp_2.bz2,28,7,8,9,37120,1.086,1
int_1.bz2,28,7,8,9,37120,9.906,1
int_2.bz2,28,7,8,9,37120,0.454,0
mm_1.bz2,28,8,5,5,44544,3.140,0
mm_2.bz2,28,8,5,5,44544,7.523,1
fp_1.bz2,28,8,5,5,44544,0.910,1
fp_2.bz2,28,8,5,5,44544,1.291,1
int_1.bz2,28,8,5,5,44544,9.862,1
int_2.bz2,28,8,5,5,44544,0.326,1
mm_1.bz2,28,8,5,6,51968,2.395,1
mm_2.bz2,28,8,5,6,51968,7.303,1
fp_1.bz2,28,8,5,6,51968,0.827,1
fp_2.bz2,28,8,5,6,51968,0.979,1
int_1.bz2,28,8,5,6,51968,8.433,1
int_2.bz2,28,8,5,6,51968,0.317,1
mm_1.bz2,28,8,5,7,59392,2.255,1
mm_2.bz2,28,8,5,7,59392,7.288,1
fp_1.bz2,28,8,5,7,59392,0.827,1
fp_2.bz2,28,8,5,7,59392,0.975,1
int_1.bz2,28,8,5,7,59392,8.048,1
int_2.bz2,28,8,5,7,59392,0.316,1
mm_1.bz2,28,8,6,5,44544,4.150,0
mm_2.bz2,28,8,6,5,44544,8.445,1
fp_1.bz2,28,8,6,5,44544,0.996,0
fp_2.bz2,28,8,6,5,44544,2.274,1
int_1.bz2,28,8,6,5,44544,11.092,1
int_2.bz2,28,8,6,5,44544,0.369,1
mm_1.bz2,28,8,6,6,51968,3.212,0
mm_2.bz2,28,8,6,6,51968,7.912,1
fp_1.bz2,28,8,6,6,51968,0.831,1
fp_2.bz2,28,8,6,6,51968,1.200,1
int_1.bz2,28,8,6,6,51968,9.341,1
int_2.bz2,28,8,6,6,51968,0.336,1
mm_1.bz2,28,8,6,7,59392,2.380,1
mm_2.bz2,28,8,6,7,59392,7.763,1
fp_1.bz2,28,8,6,7,59392,0.831,1
fp_2.bz2,28,8,6,7,59392,0.987,1
int_1.bz2,28,8,6,7,59392,8.134,1
int_2.bz2,28,8,6,7,59392,0.334,1
mm_1.bz2,28,8,7,5,44544,5.600,0
mm_2.bz2,28,8,7,5,44544,10.444,0
fp_1.bz2,28,8,7,5,44544,1.167,0
fp_2.bz2,28,8,7,5,44544,4.744,0
int_1.bz2,28,8,7,5,44544,13.418,0
int_2.bz2,28,8,7,5,44544,0.460,0
mm_1.bz2,28,8,7,6,51968,4.391,0
mm_2.bz2,28,8,7,6,51968,9.077,0
fp_1.bz2,28,8,7,6,51968,0.918,1
fp_2.bz2,28,8,7,6,51968,2.134,1
int_1.bz2,28,8,7,6,51968,10.746,1
int_2.bz2,28,8,7,6,51968,0.391,1
mm_1.bz2,28,8,7,7,59392,3.204,0
mm_2.bz2,28,8,7,7,59392,8.629,0
fp_1.bz2,28,8,7,7,59392,0.838,1
fp_2.bz2,28,8,7,7,59392,1.215,1
int_1.bz2,28,8,7,7,59392,9.198,1
int_2.bz2,28,8,7,7,59392,0.369,1
mm_1.bz2,28,8,8,5,44544,8.110,0
mm_2.bz2,28,8,8,5,44544,14.246,0
fp_1.bz2,28,8,8,5,44544,1.422,0
fp_2.bz2,28,8,8,5,44544,9.275,0
int_1.bz2,28,8,8,5,44544,16.329,0
int_2.bz2,28,8,8,5,44544,0.615,0
mm_1.bz2,28,8,8,6,51968,5.563,0
mm_2.bz2,28,8,8,6,51968,11.343,0
fp_1.bz2,28,8,8,6,51968,1.088,0
fp_2.bz2,28,8,8,6,51968,4.126,0
int_1.bz2,28,8,8,6,51968,13.439,0
int_2.bz2,28,8,8,6,51968,0.493,0
mm_1.bz2,28,8,8,7,59392,4.586,0
mm_2.bz2,28,8,8,7,59392,10.068,0
fp_1.bz2,28,8,8,7,59392,0.926,1
fp_2.bz2,28,8,8,7,59392,1.992,1
int_1.bz2,28,8,8,7,59392,10.708,1
int_2.bz2,28,8,8,7,59392,0.437,0
mm_1.bz2,30,6,5,5,11904,3.941,0
mm_2.bz2,30,6,5,5,11904,10.508,0
fp_1.bz2,30,6,5,5,11904,1.002,0
fp_2.bz2,30,6,5,5,11904,1.385,1
int_1.bz2,30,6,5,5,11904,12.372,1
int_2.bz2,30,6,5,5,11904,0.358,1
mm_1.bz2,30,6,5,6,13888,2.630,0
mm_2.bz2,30,6,5,6,13888,10.330,0
fp_1.bz2,30,6,5,6,13888,0.845,1
fp_2.bz2,30,6,5,6,13888,0.978,1
int_1.bz2,30,6,5,6,13888,11.172,1
int_2.bz2,30,6,5,6,13888,0.343,1
mm_1.bz2,30,6,5,7,15872,2.316,1
mm_2.bz2,30,6,5,7,15872,10.338,0
fp_1.bz2,30,6,5,7,15872,0.844,1
fp_2.bz2,30,6,5,7,15872,0.976,1
int_1.bz2,30,6,5,7,15872,10.901,1
int_2.bz2,30,6,5,7,15872,0.341,1
mm_1.bz2,30,6,5,8,17856,2.292,1
mm_2.bz2,30,6,5,8,17856,10.338,0
fp_1.bz2,30,6,5,8,17856,0.844,1
fp_2.bz2,30,6,5,8,17856,0.976,1
int_1.bz2,30,6,5,8,17856,10.886,1
int_2.bz2,30,6,5,8,17856,0.341,1
mm_1.bz2,30,6,5,9,19840,2.290,1
mm_2.bz2,30,6,5,9,19840,10.338,0
fp_1.bz2,30,6,5,9,19840,0.844,1
fp_2.bz2,30,6,5,9,19840,0.976,1
int_1.bz2,30,6,5,9,19840,10.886,1
int_2.bz2,30,6,5,9,19840,0.341,1
mm_1.bz2,30,6,6,5,11904,5.990,0
mm_2.bz2,30,6,6,5,11904,11.769,0
fp_1.bz2,30,6,6,5,11904,1.096,0
fp_2.bz2,30,6,6,5,11904,2.107,1
int_1.bz2,30,6,6,5,11904,13.695,0
int_2.bz2,30,6,6,5,11904,0.448,0
mm_1.bz2,30,6,6,6,13888,3.819,0
mm_2.bz2,30,6,6,6,13888,11.254,0
fp_1.bz2,30,6,6,6,13888,0.975,1
fp_2.bz2,30,6,6,6,13888,1.408,1
int_1.bz2,30,6,6,6,13888,11.793,1
int_2.bz2,30,6,6,6,13888,0.379,1
mm_1.bz2,30,6,6,7,15872,2.642,0
mm_2.bz2,30,6,6,7,15872,11.111,0
fp_1.bz2,30,6,6,7,15872,0.856,1
fp_2.bz2,30,6,6,7,15872,0.988,1
int_1.bz2,30,6,6,7,15872,10.824,1
int_2.bz2,30,6,6,7,15872,0.368,1
mm_1.bz2,30,6,6,8,17856,2.421,1
mm_2.bz2,30,6,6,8,17856,11.105,0
fp_1.bz2,30,6,6,8,17856,0.856,1
fp_2.bz2,30,6,6,8,17856,0.988,1
int_1.bz2,30,6,6,8,17856,10.666,1
int_2.bz2,30,6,6,8,17856,0.367,1
mm_1.bz2,30,6,6,9,19840,2.437,1
mm_2.bz2,30,6,6,9,19840,11.105,0
fp_1.bz2,30,6,6,9,19840,0.856,1
fp_2.bz2,30,6,6,9,19840,0.988,1
int_1.bz2,30,6,6,9,19840,10.663,1
int_2.bz2,30,6,6,9,19840,0.367,1
mm_1.bz2,30,6,7,5,11904,8.859,0
mm_2.bz2,30,6,7,5,11904,14.157,0
fp_1.bz2,30,6,7,5,11904,1.380,0
fp_2.bz2,30,6,7,5,11904,3.780,0
int_1.bz2,30,6,7,5,11904,16.469,0
int_2.bz2,30,6,7,5,11904,0.594,0
mm_1.bz2,30,6,7,6,13888,5.798,0
mm_2.bz2,30,6,7,6,13888,12.820,0
fp_1.bz2,30,6,7,6,13888,1.040,0
fp_2.bz2,30,6,7,6,13888,1.787,1
int_1.bz2,30,6,7,6,13888,13.436,0
int_2.bz2,30,6,7,6,13888,0.481,0
mm_1.bz2,30,6,7,7,15872,3.748,0
mm_2.bz2,30,6,7,7,15872,12.238,0
fp_1.bz2,30,6,7,7,15872,0.974,1
fp_2.bz2,30,6,7,7,15872,1.273,1
int_1.bz2,30,6,7,7,15872,11.708,1
int_2.bz2,30,6,7,7,15872,0.431,0
mm_1.bz2,30,6,7,8,17856,2.756,0
mm_2.bz2,30,6,7,8,17856,12.122,0
fp_1.bz2,30,6,7,8,17856,0.876,1
fp_2.bz2,30,6,7,8,17856,1.014,1
int_1.bz2,30,6,7,8,17856,10.894,1
int_2.bz2,30,6,7,8,17856,0.424,1
mm_1.bz2,30,6,7,9,19840,2.597,0
mm_2.bz2,30,6,7,9,19840,12.120,0
fp_1.bz2,30,6,7,9,19840,0.876,1
fp_2.bz2,30,6,7,9,19840,1.014,1
int_1.bz2,30,6,7,9,19840,10.795,1
int_2.bz2,30,6,7,9,19840,0.424,1
mm_1.bz2,30,6,8,5,11904,14.627,0
mm_2.bz2,30,6,8,5,11904,18.122,0
fp_1.bz2,30,6,8,5,11904,1.681,0
fp_2.bz2,30,6,8,5,11904,9.489,0
int_1.bz2,30,6,8,5,11904,20.614,0
int_2.bz2,30,6,8,5,11904,0.797,0
mm_1.bz2,30,6,8,6,13888,8.650,0
mm_2.bz2,30,6,8,6,13888,15.502,0
fp_1.bz2,30,6,8,6,13888,1.365,0
fp_2.bz2,30,6,8,6,13888,3.907,0
int_1.bz2,30,6,8,6,13888,16.467,0
int_2.bz2,30,6,8,6,13888,0.618,0
mm_1.bz2,30,6,8,7,15872,5.860,0
mm_2.bz2,30,6,8,7,15872,14.009,0
fp_1.bz2,30,6,8,7,15872,1.036,0
fp_2.bz2,30,6,8,7,15872,1.523,1
int_1.bz2,30,6,8,7,15872,13.497,0
int_2.bz2,30,6,8,7,15872,0.537,0
mm_1.bz2,30,6,8,8,17856,3.956,0
mm_2.bz2,30,6,8,8,17856,13.420,0
fp_1.bz2,30,6,8,8,17856,0.958,1
fp_2.bz2,30,6,8,8,17856,1.188,1
int_1.bz2,30,6,8,8,17856,11.873,1
int_2.bz2,30,6,8,8,17856,0.510,0
mm_1.bz2,30,6,8,9,19840,3.039,0
mm_2.bz2,30,6,8,9,19840,13.328,0
fp_1.bz2,30,6,8,9,19840,0.912,1
fp_2.bz2,30,6,8,9,19840,1.063,1
int_1.bz2,30,6,8,9,19840,11.235,1
int_2.bz2,30,6,8,9,19840,0.506,0
mm_1.bz2,30,7,5,5,23808,3.209,0
mm_2.bz2,30,7,5,5,23808,8.843,0
fp_1.bz2,30,7,5,5,23808,0.997,0
fp_2.bz2,30,7,5,5,23808,1.384,1
int_1.bz2,30,7,5,5,23808,10.901,1
int_2.bz2,30,7,5,5,23808,0.333,1
mm_1.bz2,30,7,5,6,27776,2.419,1
mm_2.bz2,30,7,5,6,27776,8.637,0
fp_1.bz2,30,7,5,6,27776,0.840,1
fp_2.bz2,30,7,5,6,27776,0.976,1
int_1.bz2,30,7,5,6,27776,9.678,1
int_2.bz2,30,7,5,6,27776,0.327,1
mm_1.bz2,30,7,5,7,31744,2.185,1
mm_2.bz2,30,7,5,7,31744,8.631,0
fp_1.bz2,30,7,5,7,31744,0.839,1
fp_2.bz2,30,7,5,7,31744,0.974,1
int_1.bz2,30,7,5,7,31744,9.244,1
int_2.bz2,30,7,5,7,31744,0.325,1
mm_1.bz2,30,7,5,8,35712,2.189,1
mm_2.bz2,30,7,5,8,35712,8.631,0
fp_1.bz2,30,7,5,8,35712,0.839,1
fp_2.bz2,30,7,5,8,35712,0.974,1
int_1.bz2,30,7,5,8,35712,9.112,1
int_2.bz2,30,7,5,8,35712,0.325,1
mm_1.bz2,30,7,5,9,39680,2.189,1
mm_2.bz2,30,7,5,9,39680,8.631,0
fp_1.bz2,30,7,5,9,39680,0.839,1
fp_2.bz2,30,7,5,9,39680,0.974,1
int_1.bz2,30,7,5,9,39680,9.103,1
int_2.bz2,30,7,5,9,39680,0.325,1
mm_1.bz2,30,7,6,5,23808,4.489,0
mm_2.bz2,30,7,6,5,23808,9.916,0
fp_1.bz2,30,7,6,5,23808,1.090,0
fp_2.bz2,30,7,6,5,23808,2.103,1
int_1.bz2,30,7,6,5,23808,12.121,1
int_2.bz2,30,7,6,5,23808,0.394,1
mm_1.bz2,30,7,6,6,27776,3.186,0
mm_2.bz2,30,7,6,6,27776,9.345,0
fp_1.bz2,30,7,6,6,27776,0.970,1
fp_2.bz2,30,7,6,6,27776,1.406,1
int_1.bz2,30,7,6,6,27776,10.399,1
int_2.bz2,30,7,6,6,27776,0.347,1
mm_1.bz2,30,7,6,7,31744,2.402,1
mm_2.bz2,30,7,6,7,31744,9.177,0
fp_1.bz2,30,7,6,7,31744,0.850,1
fp_2.bz2,30,7,6,7,31744,0.986,1
int_1.bz2,30,7,6,7,31744,9.377,1
int_2.bz2,30,7,6,7,31744,0.343,1
mm_1.bz2,30,7,6,8,35712,2.328,1
mm_2.bz2,30,7,6,8,35712,9.174,0
fp_1.bz2,30,7,6,8,35712,0.850,1
fp_2.bz2,30,7,6,8,35712,0.985,1
int_1.bz2,30,7,6,8,35712,9.057,1
int_2.bz2,30,7,6,8,35712,0.343,1
mm_1.bz2,30,7,6,9,39680,2.349,1
mm_2.bz2,30,7,6,9,39680,9.174,0
fp_1.bz2,30,7,6,9,39680,0.850,1
fp_2.bz2,30,7,6,9,39680,0.985,1
int_1.bz2,30,7,6,9,39680,8.968,1
int_2.bz2,30,7,6,9,39680,0.343,1
mm_1.bz2,30,7,7,5,23808,6.734,0
mm_2.bz2,30,7,7,5,23808,12.147,0
fp_1.bz2,30,7,7,5,23808,1.343,0
fp_2.bz2,30,7,7,5,23808,3.765,0
int_1.bz2,30,7,7,5,23808,14.752,0
int_2.bz2,30,7,7,5,23808,0.513,0
mm_1.bz2,30,7,7,6,27776,4.604,0
mm_2.bz2,30,7,7,6,27776,10.692,0
fp_1.bz2,30,7,7,6,27776,1.097,0
fp_2.bz2,30,7,7,6,27776,1.784,1
int_1.bz2,30,7,7,6,27776,11.880,1
int_2.bz2,30,7,7,6,27776,0.421,1
mm_1.bz2,30,7,7,7,31744,3.149,0
mm_2.bz2,30,7,7,7,31744,10.141,0
fp_1.bz2,30,7,7,7,31744,0.912,1
fp_2.bz2,30,7,7,7,31744,1.268,1
int_1.bz2,30,7,7,7,31744,10.342,1
int_2.bz2,30,7,7,7,31744,0.385,1
mm_1.bz2,30,7,7,8,35712,2.564,1
mm_2.bz2,30,7,7,8,35712,10.030,0
fp_1.bz2,30,7,7,8,35712,0.867,1
fp_2.bz2,30,7,7,8,35712,1.011,1
int_1.bz2,30,7,7,8,35712,9.468,1
int_2.bz2,30,7,7,8,35712,0.384,1
mm_1.bz2,30,7,7,9,39680,2.504,1
mm_2.bz2,30,7,7,9,39680,10.029,0
fp_1.bz2,30,7,7,9,39680,0.867,1
fp_2.bz2,30,7,7,9,39680,1.011,1
int_1.bz2,30,7,7,9,39680,9.186,1
int_2.bz2,30,7,7,9,39680,0.384,1
mm_1.bz2,30,7,8,5,23808,10.639,0
mm_2.bz2,30,7,8,5,23808,16.162,0
fp_1.bz2,30,7,8,5,23808,1.522,0
fp_2.bz2,30,7,8,5,23808,9.488,0
int_1.bz2,30,7,8,5,23808,18.403,0
int_2.bz2,30,7,8,5,23808,0.678,0
mm_1.bz2,30,7,8,6,27776,6.589,0
mm_2.bz2,30,7,8,6,27776,13.312,0
fp_1.bz2,30,7,8,6,27776,1.274,0
fp_2.bz2,30,7,8,6,27776,3.903,0
int_1.bz2,30,7,8,6,27776,14.775,0
int_2.bz2,30,7,8,6,27776,0.537,0
mm_1.bz2,30,7,8,7,31744,4.847,0
mm_2.bz2,30,7,8,7,31744,11.751,0
fp_1.bz2,30,7,8,7,31744,1.031,0
fp_2.bz2,30,7,8,7,31744,1.517,1
int_1.bz2,30,7,8,7,31744,11.836,1
int_2.bz2,30,7,8,7,31744,0.468,0
mm_1.bz2,30,7,8,8,35712,3.291,0
mm_2.bz2,30,7,8,8,35712,11.256,0
fp_1.bz2,30,7,8,8,35712,0.947,1
fp_2.bz2,30,7,8,8,35712,1.185,1
int_1.bz2,30,7,8,8,35712,10.534,1
int_2.bz2,30,7,8,8,35712,0.454,0
mm_1.bz2,30,7,8,9,39680,2.788,0
mm_2.bz2,30,7,8,9,39680,11.181,0
fp_1.bz2,30,7,8,9,39680,0.902,1
fp_2.bz2,30,7,8,9,39680,1.059,1
int_1.bz2,30,7,8,9,39680,9.792,1
int_2.bz2,30,7,8,9,39680,0.452,0
mm_1.bz2,30,8,5,5,47616,3.080,0
mm_2.bz2,30,8,5,5,47616,7.447,1
fp_1.bz2,30,8,5,5,47616,0.910,1
fp_2.bz2,30,8,5,5,47616,1.355,1
int_1.bz2,30,8,5,5,47616,9.721,1
int_2.bz2,30,8,5,5,47616,0.326,1
mm_1.bz2,30,8,5,6,55552,2.350,1
mm_2.bz2,30,8,5,6,55552,7.251,1
fp_1.bz2,30,8,5,6,55552,0.828,1
fp_2.bz2,30,8,5,6,55552,0.972,1
int_1.bz2,30,8,5,6,55552,8.299,1
int_2.bz2,30,8,5,6,55552,0.320,1
mm_1.bz2,30,8,5,7,63488,2.141,1
mm_2.bz2,30,8,5,7,63488,7.234,1
fp_1.bz2,30,8,5,7,63488,0.828,1
fp_2.bz2,30,8,5,7,63488,0.971,1
int_1.bz2,30,8,5,7,63488,7.916,1
int_2.bz2,30,8,5,7,63488,0.318,1
mm_1.bz2,30,8,6,5,47616,4.025,0
mm_2.bz2,30,8,6,5,47616,8.325,1
fp_1.bz2,30,8,6,5,47616,0.997,0
fp_2.bz2,30,8,6,5,47616,2.085,1
int_1.bz2,30,8,6,5,47616,10.870,1
int_2.bz2,30,8,6,5,47616,0.363,1
mm_1.bz2,30,8,6,6,55552,3.171,0
mm_2.bz2,30,8,6,6,55552,7.818,1
fp_1.bz2,30,8,6,6,55552,0.832,1
fp_2.bz2,30,8,6,6,55552,1.380,1
int_1.bz2,30,8,6,6,55552,9.175,1
int_2.bz2,30,8,6,6,55552,0.335,1
mm_1.bz2,30,8,6,7,63488,2.355,1
mm_2.bz2,30,8,6,7,63488,7.677,1
fp_1.bz2,30,8,6,7,63488,0.832,1
fp_2.bz2,30,8,6,7,63488,0.981,1
int_1.bz2,30,8,6,7,63488,7.996,1
int_2.bz2,30,8,6,7,63488,0.333,1
mm_1.bz2,30,8,7,5,47616,5.435,0
mm_2.bz2,30,8,7,5,47616,10.260,0
fp_1.bz2,30,8,7,5,47616,1.167,0
fp_2.bz2,30,8,7,5,47616,3.581,0
int_1.bz2,30,8,7,5,47616,13.205,0
int_2.bz2,30,8,7,5,47616,0.461,0
mm_1.bz2,30,8,7,6,55552,4.158,0
mm_2.bz2,30,8,7,6,55552,8.941,0
fp_1.bz2,30,8,7,6,55552,0.918,1
fp_2.bz2,30,8,7,6,55552,1.746,1
int_1.bz2,30,8,7,6,55552,10.496,1
int_2.bz2,30,8,7,6,55552,0.389,1
mm_1.bz2,30,8,7,7,63488,3.156,0
mm_2.bz2,30,8,7,7,63488,8.524,0
fp_1.bz2,30,8,7,7,63488,0.839,1
fp_2.bz2,30,8,7,7,63488,1.243,1
int_1.bz2,30,8,7,7,63488,9.056,1
int_2.bz2,30,8,7,7,63488,0.367,1
mm_1.bz2,30,8,8,5,47616,7.763,0
mm_2.bz2,30,8,8,5,47616,13.926,0
fp_1.bz2,30,8,8,5,47616,1.346,0
fp_2.bz2,30,8,8,5,47616,9.117,0
int_1.bz2,30,8,8,5,47616,16.132,0
int_2.bz2,30,8,8,5,47616,0.611,0
mm_1.bz2,30,8,8,6,55552,5.409,0
mm_2.bz2,30,8,8,6,55552,11.152,0
fp_1.bz2,30,8,8,6,55552,1.088,0
fp_2.bz2,30,8,8,6,55552,3.578,0
int_1.bz2,30,8,8,6,55552,13.224,0
int_2.bz2,30,8,8,6,55552,0.484,0
mm_1.bz2,30,8,8,7,63488,4.387,0
mm_2.bz2,30,8,8,7,63488,9.896,0
fp_1.bz2,30,8,8,7,63488,0.926,1
fp_2.bz2,30,8,8,7,63488,1.487,1
int_1.bz2,30,8,8,7,63488,10.442,1
int_2.bz2,30,8,8,7,63488,0.428,0
mm_1.bz2,32,6,5,5,12672,3.845,0
mm_2.bz2,32,6,5,5,12672,10.459,0
fp_1.bz2,32,6,5,5,12672,1.009,0
fp_2.bz2,32,6,5,5,12672,1.362,1
int_1.bz2,32,6,5,5,12672,12.300,1
int_2.bz2,32,6,5,5,12672,0.356,1
mm_1.bz2,32,6,5,6,14784,2.421,1
mm_2.bz2,32,6,5,6,14784,10.292,0
fp_1.bz2,32,6,5,6,14784,0.847,1
fp_2.bz2,32,6,5,6,14784,0.977,1
int_1.bz2,32,6,5,6,14784,11.143,1
int_2.bz2,32,6,5,6,14784,0.345,1
mm_1.bz2,32,6,5,7,16896,2.127,1
mm_2.bz2,32,6,5,7,16896,10.285,0
fp_1.bz2,32,6,5,7,16896,0.845,1
fp_2.bz2,32,6,5,7,16896,0.975,1
int_1.bz2,32,6,5,7,16896,10.884,1
int_2.bz2,32,6,5,7,16896,0.341,1
mm_1.bz2,32,6,5,8,19008,2.058,1
mm_2.bz2,32,6,5,8,19008,10.284,0
fp_1.bz2,32,6,5,8,19008,0.845,1
fp_2.bz2,32,6,5,8,19008,0.975,1
int_1.bz2,32,6,5,8,19008,10.871,1
int_2.bz2,32,6,5,8,19008,0.341,1
mm_1.bz2,32,6,5,9,21120,2.067,1
mm_2.bz2,32,6,5,9,21120,10.284,0
fp_1.bz2,32,6,5,9,21120,0.845,1
fp_2.bz2,32,6,5,9,21120,0.975,1
int_1.bz2,32,6,5,9,21120,10.871,1
int_2.bz2,32,6,5,9,21120,0.341,1
mm_1.bz2,32,6,6,5,12672,5.548,0
mm_2.bz2,32,6,6,5,12672,11.665,0
fp_1.bz2,32,6,6,5,12672,1.078,0
fp_2.bz2,32,6,6,5,12672,1.975,1
int_1.bz2,32,6,6,5,12672,13.581,0
int_2.bz2,32,6,6,5,12672,0.434,0
mm_1.bz2,32,6,6,6,14784,3.368,0
mm_2.bz2,32,6,6,6,14784,11.144,0
fp_1.bz2,32,6,6,6,14784,0.978,1
fp_2.bz2,32,6,6,6,14784,1.208,1
int_1.bz2,32,6,6,6,14784,11.680,1
int_2.bz2,32,6,6,6,14784,0.370,1
mm_1.bz2,32,6,6,7,16896,2.280,1
mm_2.bz2,32,6,6,7,16896,11.018,0
fp_1.bz2,32,6,6,7,16896,0.857,1
fp_2.bz2,32,6,6,7,16896,0.989,1
int_1.bz2,32,6,6,7,16896,10.756,1
int_2.bz2,32,6,6,7,16896,0.362,1
mm_1.bz2,32,6,6,8,19008,2.148,1
mm_2.bz2,32,6,6,8,19008,11.017,0
fp_1.bz2,32,6,6,8,19008,0.857,1
fp_2.bz2,32,6,6,8,19008,0.988,1
int_1.bz2,32,6,6,8,19008,10.624,1
int_2.bz2,32,6,6,8,19008,0.362,1
mm_1.bz2,32,6,6,9,21120,2.131,1
mm_2.bz2,32,6,6,9,21120,11.017,0
fp_1.bz2,32,6,6,9,21120,0.857,1
fp_2.bz2,32,6,6,9,21120,0.988,1
int_1.bz2,32,6,6,9,21120,10.622,1
int_2.bz2,32,6,6,9,21120,0.362,1
mm_1.bz2,32,6,7,5,12672,8.028,0
mm_2.bz2,32,6,7,5,12672,13.956,0
fp_1.bz2,32,6,7,5,12672,1.373,0
fp_2.bz2,32,6,7,5,12672,3.749,0
int_1.bz2,32,6,7,5,12672,16.281,0
int_2.bz2,32,6,7,5,12672,0.583,0
mm_1.bz2,32,6,7,6,14784,5.273,0
mm_2.bz2,32,6,7,6,14784,12.677,0
fp_1.bz2,32,6,7,6,14784,1.033,0
fp_2.bz2,32,6,7,6,14784,1.796,1
int_1.bz2,32,6,7,6,14784,13.276,0
int_2.bz2,32,6,7,6,14784,0.468,0
mm_1.bz2,32,6,7,7,16896,3.386,0
mm_2.bz2,32,6,7,7,16896,12.123,0
fp_1.bz2,32,6,7,7,16896,0.974,1
fp_2.bz2,32,6,7,7,16896,1.075,1
int_1.bz2,32,6,7,7,16896,11.587,1
int_2.bz2,32,6,7,7,16896,0.421,1
mm_1.bz2,32,6,7,8,19008,2.404,1
mm_2.bz2,32,6,7,8,19008,12.017,0
fp_1.bz2,32,6,7,8,19008,0.877,1
fp_2.bz2,32,6,7,8,19008,1.013,1
int_1.bz2,32,6,7,8,19008,10.799,1
int_2.bz2,32,6,7,8,19008,0.415,1
mm_1.bz2,32,6,7,9,21120,2.368,1
mm_2.bz2,32,6,7,9,21120,12.013,0
fp_1.bz2,32,6,7,9,21120,0.877,1
fp_2.bz2,32,6,7,9,21120,1.013,1
int_1.bz2,32,6,7,9,21120,10.726,1
int_2.bz2,32,6,7,9,21120,0.415,1
mm_1.bz2,32,6,8,5,12672,13.450,0
mm_2.bz2,32,6,8,5,12672,17.853,0
fp_1.bz2,32,6,8,5,12672,1.677,0
fp_2.bz2,32,6,8,5,12672,9.392,0
int_1.bz2,32,6,8,5,12672,20.187,0
int_2.bz2,32,6,8,5,12672,0.790,0
mm_1.bz2,32,6,8,6,14784,8.198,0
mm_2.bz2,32,6,8,6,14784,15.290,0
fp_1.bz2,32,6,8,6,14784,1.385,0
fp_2.bz2,32,6,8,6,14784,3.775,0
int_1.bz2,32,6,8,6,14784,16.227,0
int_2.bz2,32,6,8,6,14784,0.610,0
mm_1.bz2,32,6,8,7,16896,5.450,0
mm_2.bz2,32,6,8,7,16896,13.872,0
fp_1.bz2,32,6,8,7,16896,1.033,0
fp_2.bz2,32,6,8,7,16896,1.726,1
int_1.bz2,32,6,8,7,16896,13.352,0
int_2.bz2,32,6,8,7,16896,0.527,0
mm_1.bz2,32,6,8,8,19008,3.598,0
mm_2.bz2,32,6,8,8,19008,13.283,0
fp_1.bz2,32,6,8,8,19008,0.958,1
fp_2.bz2,32,6,8,8,19008,1.160,1
int_1.bz2,32,6,8,8,19008,11.750,1
int_2.bz2,32,6,8,8,19008,0.499,0
mm_1.bz2,32,6,8,9,21120,2.681,0
mm_2.bz2,32,6,8,9,21120,13.198,0
fp_1.bz2,32,6,8,9,21120,0.913,1
fp_2.bz2,32,6,8,9,21120,1.062,1
int_1.bz2,32,6,8,9,21120,11.132,1
int_2.bz2,32,6,8,9,21120,0.495,0
mm_1.bz2,32,7,5,5,25344,3.154,0
mm_2.bz2,32,7,5,5,25344,8.778,0
fp_1.bz2,32,7,5,5,25344,1.002,0
fp_2.bz2,32,7,5,5,25344,1.360,1
int_1.bz2,32,7,5,5,25344,10.846,1
int_2.bz2,32,7,5,5,25344,0.332,1
mm_1.bz2,32,7,5,6,29568,2.238,1
mm_2.bz2,32,7,5,6,29568,8.560,0
fp_1.bz2,32,7,5,6,29568,0.842,1
fp_2.bz2,32,7,5,6,29568,0.975,1
int_1.bz2,32,7,5,6,29568,9.651,1
int_2.bz2,32,7,5,6,29568,0.325,1
mm_1.bz2,32,7,5,7,33792,2.011,1
mm_2.bz2,32,7,5,7,33792,8.551,0
fp_1.bz2,32,7,5,7,33792,0.839,1
fp_2.bz2,32,7,5,7,33792,0.974,1
int_1.bz2,32,7,5,7,33792,9.215,1
int_2.bz2,32,7,5,7,33792,0.323,1
mm_1.bz2,32,7,5,8,38016,2.000,1
mm_2.bz2,32,7,5,8,38016,8.551,0
fp_1.bz2,32,7,5,8,38016,0.839,1
fp_2.bz2,32,7,5,8,38016,0.974,1
int_1.bz2,32,7,5,8,38016,9.089,1
int_2.bz2,32,7,5,8,38016,0.323,1
mm_1.bz2,32,7,5,9,42240,2.000,1
mm_2.bz2,32,7,5,9,42240,8.551,0
fp_1.bz2,32,7,5,9,42240,0.839,1
fp_2.bz2,32,7,5,9,42240,0.974,1
int_1.bz2,32,7,5,9,42240,9.080,1
int_2.bz2,32,7,5,9,42240,0.323,1
mm_1.bz2,32,7,6,5,25344,4.225,0
mm_2.bz2,32,7,6,5,25344,9.814,0
fp_1.bz2,32,7,6,5,25344,1.090,0
fp_2.bz2,32,7,6,5,25344,1.971,1
int_1.bz2,32,7,6,5,25344,11.992,1
int_2.bz2,32,7,6,5,25344,0.384,1
mm_1.bz2,32,7,6,6,29568,2.887,0
mm_2.bz2,32,7,6,6,29568,9.245,0
fp_1.bz2,32,7,6,6,29568,0.972,1
fp_2.bz2,32,7,6,6,29568,1.207,1
int_1.bz2,32,7,6,6,29568,10.316,1
int_2.bz2,32,7,6,6,29568,0.343,1
mm_1.bz2,32,7,6,7,33792,2.139,1
mm_2.bz2,32,7,6,7,33792,9.085,0
fp_1.bz2,32,7,6,7,33792,0.851,1
fp_2.bz2,32,7,6,7,33792,0.986,1
int_1.bz2,32,7,6,7,33792,9.321,1
int_2.bz2,32,7,6,7,33792,0.340,1
mm_1.bz2,32,7,6,8,38016,2.045,1
mm_2.bz2,32,7,6,8,38016,9.081,0
fp_1.bz2,32,7,6,8,38016,0.851,1
fp_2.bz2,32,7,6,8,38016,0.986,1
int_1.bz2,32,7,6,8,38016,9.012,1
int_2.bz2,32,7,6,8,38016,0.340,1
mm_1.bz2,32,7,6,9,42240,2.043,1
mm_2.bz2,32,7,6,9,42240,9.081,0
fp_1.bz2,32,7,6,9,42240,0.851,1
fp_2.bz2,32,7,6,9,42240,0.986,1
int_1.bz2,32,7,6,9,42240,8.925,1
int_2.bz2,32,7,6,9,42240,0.340,1
mm_1.bz2,32,7,7,5,25344,6.250,0
mm_2.bz2,32,7,7,5,25344,11.948,0
fp_1.bz2,32,7,7,5,25344,1.343,0
fp_2.bz2,32,7,7,5,25344,3.746,0
int_1.bz2,32,7,7,5,25344,14.538,0
int_2.bz2,32,7,7,5,25344,0.495,0
mm_1.bz2,32,7,7,6,29568,4.108,0
mm_2.bz2,32,7,7,6,29568,10.547,0
fp_1.bz2,32,7,7,6,29568,1.097,0
fp_2.bz2,32,7,7,6,29568,1.794,1
int_1.bz2,32,7,7,6,29568,11.710,1
int_2.bz2,32,7,7,6,29568,0.408,1
mm_1.bz2,32,7,7,7,33792,2.902,0
mm_2.bz2,32,7,7,7,33792,10.029,0
fp_1.bz2,32,7,7,7,33792,0.911,1
fp_2.bz2,32,7,7,7,33792,1.074,1
int_1.bz2,32,7,7,7,33792,10.251,1
int_2.bz2,32,7,7,7,33792,0.380,1
mm_1.bz2,32,7,7,8,38016,2.278,1
mm_2.bz2,32,7,7,8,38016,9.908,0
fp_1.bz2,32,7,7,8,38016,0.868,1
fp_2.bz2,32,7,7,8,38016,1.011,1
int_1.bz2,32,7,7,8,38016,9.389,1
int_2.bz2,32,7,7,8,38016,0.378,1
mm_1.bz2,32,7,7,9,42240,2.204,1
mm_2.bz2,32,7,7,9,42240,9.909,0
fp_1.bz2,32,7,7,9,42240,0.868,1
fp_2.bz2,32,7,7,9,42240,1.011,1
int_1.bz2,32,7,7,9,42240,9.124,1
int_2.bz2,32,7,7,9,42240,0.378,1
mm_1.bz2,32,7,8,5,25344,10.041,0
mm_2.bz2,32,7,8,5,25344,15.861,0
fp_1.bz2,32,7,8,5,25344,1.519,0
fp_2.bz2,32,7,8,5,25344,9.393,0
int_1.bz2,32,7,8,5,25344,18.095,0
int_2.bz2,32,7,8,5,25344,0.657,0
mm_1.bz2,32,7,8,6,29568,6.351,0
mm_2.bz2,32,7,8,6,29568,13.090,0
fp_1.bz2,32,7,8,6,29568,1.306,0
fp_2.bz2,32,7,8,6,29568,3.770,0
int_1.bz2,32,7,8,6,29568,14.542,0
int_2.bz2,32,7,8,6,29568,0.527,0
mm_1.bz2,32,7,8,7,33792,4.315,0
mm_2.bz2,32,7,8,7,33792,11.605,0
fp_1.bz2,32,7,8,7,33792,1.031,0
fp_2.bz2,32,7,8,7,33792,1.722,1
int_1.bz2,32,7,8,7,33792,11.672,1
int_2.bz2,32,7,8,7,33792,0.463,0
mm_1.bz2,32,7,8,8,38016,3.033,0
mm_2.bz2,32,7,8,8,38016,11.137,0
fp_1.bz2,32,7,8,8,38016,0.947,1
fp_2.bz2,32,7,8,8,38016,1.159,1
int_1.bz2,32,7,8,8,38016,10.426,1
int_2.bz2,32,7,8,8,38016,0.448,0
mm_1.bz2,32,7,8,9,42240,2.520,1
mm_2.bz2,32,7,8,9,42240,11.057,0
fp_1.bz2,32,7,8,9,42240,0.902,1
fp_2.bz2,32,7,8,9,42240,1.058,1
int_1.bz2,32,7,8,9,42240,9.693,1
int_2.bz2,32,7,8,9,42240,0.446,0
mm_1.bz2,32,8,5,5,50688,2.984,0
mm_2.bz2,32,8,5,5,50688,7.399,1
fp_1.bz2,32,8,5,5,50688,0.911,1
fp_2.bz2,32,8,5,5,50688,1.341,1
int_1.bz2,32,8,5,5,50688,9.657,1
int_2.bz2,32,8,5,5,50688,0.329,1
mm_1.bz2,32,8,5,6,59136,2.176,1
mm_2.bz2,32,8,5,6,59136,7.188,1
fp_1.bz2,32,8,5,6,59136,0.828,1
fp_2.bz2,32,8,5,6,59136,0.972,1
int_1.bz2,32,8,5,6,59136,8.270,1
int_2.bz2,32,8,5,6,59136,0.321,1
mm_1.bz2,32,8,6,5,50688,3.921,0
mm_2.bz2,32,8,6,5,50688,8.238,1
fp_1.bz2,32,8,6,5,50688,0.997,0
fp_2.bz2,32,8,6,5,50688,1.953,1
int_1.bz2,32,8,6,5,50688,10.698,1
int_2.bz2,32,8,6,5,50688,0.362,1
mm_1.bz2,32,8,6,6,59136,2.876,0
mm_2.bz2,32,8,6,6,59136,7.733,1
fp_1.bz2,32,8,6,6,59136,0.838,1
fp_2.bz2,32,8,6,6,59136,1.198,1
int_1.bz2,32,8,6,6,59136,9.065,1
int_2.bz2,32,8,6,6,59136,0.336,1
mm_1.bz2,32,8,7,5,50688,5.187,0
mm_2.bz2,32,8,7,5,50688,10.128,0
fp_1.bz2,32,8,7,5,50688,1.167,0
fp_2.bz2,32,8,7,5,50688,3.582,0
int_1.bz2,32,8,7,5,50688,12.927,0
int_2.bz2,32,8,7,5,50688,0.446,0
mm_1.bz2,32,8,7,6,59136,3.899,0
mm_2.bz2,32,8,7,6,59136,8.852,0
fp_1.bz2,32,8,7,6,59136,0.924,1
fp_2.bz2,32,8,7,6,59136,1.748,1
int_1.bz2,32,8,7,6,59136,10.300,1
int_2.bz2,32,8,7,6,59136,0.383,1
mm_1.bz2,32,8,8,5,50688,7.226,0
mm_2.bz2,32,8,8,5,50688,13.628,0
fp_1.bz2,32,8,8,5,50688,1.342,0
fp_2.bz2,32,8,8,5,50688,9.021,0
int_1.bz2,32,8,8,5,50688,15.969,0
int_2.bz2,32,8,8,5,50688,0.608,0
mm_1.bz2,32,8,8,6,59136,5.230,0
mm_2.bz2,32,8,8,6,59136,10.980,0
fp_1.bz2,32,8,8,6,59136,1.094,0
fp_2.bz2,32,8,8,6,59136,3.572,0
int_1.bz2,32,8,8,6,59136,12.892,0
int_2.bz2,32,8,8,6,59136,0.475,0
mm_1.bz2,34,6,5,5,13440,3.724,0
mm_2.bz2,34,6,5,5,13440,10.414,0
fp_1.bz2,34,6,5,5,13440,1.015,0
fp_2.bz2,34,6,5,5,13440,1.361,1
int_1.bz2,34,6,5,5,13440,12.308,1
int_2.bz2,34,6,5,5,13440,0.352,1
mm_1.bz2,34,6,5,6,15680,2.275,1
mm_2.bz2,34,6,5,6,15680,10.242,0
fp_1.bz2,34,6,5,6,15680,0.851,1
fp_2.bz2,34,6,5,6,15680,0.976,1
int_1.bz2,34,6,5,6,15680,11.122,1
int_2.bz2,34,6,5,6,15680,0.347,1
mm_1.bz2,34,6,5,7,17920,2.127,1
mm_2.bz2,34,6,5,7,17920,10.244,0
fp_1.bz2,34,6,5,7,17920,0.847,1
fp_2.bz2,34,6,5,7,17920,0.975,1
int_1.bz2,34,6,5,7,17920,10.858,1
int_2.bz2,34,6,5,7,17920,0.343,1
mm_1.bz2,34,6,5,8,20160,2.089,1
mm_2.bz2,34,6,5,8,20160,10.244,0
fp_1.bz2,34,6,5,8,20160,0.847,1
fp_2.bz2,34,6,5,8,20160,0.975,1
int_1.bz2,34,6,5,8,20160,10.850,1
int_2.bz2,34,6,5,8,20160,0.343,1
mm_1.bz2,34,6,5,9,22400,2.080,1
mm_2.bz2,34,6,5,9,22400,10.244,0
fp_1.bz2,34,6,5,9,22400,0.847,1
fp_2.bz2,34,6,5,9,22400,0.975,1
int_1.bz2,34,6,5,9,22400,10.850,1
int_2.bz2,34,6,5,9,22400,0.343,1
mm_1.bz2,34,6,6,5,13440,5.377,0
mm_2.bz2,34,6,6,5,13440,11.561,0
fp_1.bz2,34,6,6,5,13440,1.097,0
fp_2.bz2,34,6,6,5,13440,1.724,1
int_1.bz2,34,6,6,5,13440,13.510,0
int_2.bz2,34,6,6,5,13440,0.420,1
mm_1.bz2,34,6,6,6,15680,3.381,0
mm_2.bz2,34,6,6,6,15680,11.056,0
fp_1.bz2,34,6,6,6,15680,0.978,1
fp_2.bz2,34,6,6,6,15680,1.247,1
int_1.bz2,34,6,6,6,15680,11.625,1
int_2.bz2,34,6,6,6,15680,0.364,1
mm_1.bz2,34,6,6,7,17920,2.217,1
mm_2.bz2,34,6,6,7,17920,10.934,0
fp_1.bz2,34,6,6,7,17920,0.857,1
fp_2.bz2,34,6,6,7,17920,0.987,1
int_1.bz2,34,6,6,7,17920,10.710,1
int_2.bz2,34,6,6,7,17920,0.359,1
mm_1.bz2,34,6,6,8,20160,2.096,1
mm_2.bz2,34,6,6,8,20160,10.932,0
fp_1.bz2,34,6,6,8,20160,0.857,1
fp_2.bz2,34,6,6,8,20160,0.987,1
int_1.bz2,34,6,6,8,20160,10.575,1
int_2.bz2,34,6,6,8,20160,0.359,1
mm_1.bz2,34,6,6,9,22400,2.078,1
mm_2.bz2,34,6,6,9,22400,10.932,0
fp_1.bz2,34,6,6,9,22400,0.857,1
fp_2.bz2,34,6,6,9,22400,0.987,1
int_1.bz2,34,6,6,9,22400,10.575,1
int_2.bz2,34,6,6,9,22400,0.359,1
mm_1.bz2,34,6,7,5,13440,7.880,0
mm_2.bz2,34,6,7,5,13440,13.806,0
fp_1.bz2,34,6,7,5,13440,1.373,0
fp_2.bz2,34,6,7,5,13440,3.908,0
int_1.bz2,34,6,7,5,13440,16.022,0
int_2.bz2,34,6,7,5,13440,0.569,0
mm_1.bz2,34,6,7,6,15680,5.183,0
mm_2.bz2,34,6,7,6,15680,12.549,0
fp_1.bz2,34,6,7,6,15680,1.043,0
fp_2.bz2,34,6,7,6,15680,1.875,1
int_1.bz2,34,6,7,6,15680,13.152,0
int_2.bz2,34,6,7,6,15680,0.455,0
mm_1.bz2,34,6,7,7,17920,3.403,0
mm_2.bz2,34,6,7,7,17920,12.003,0
fp_1.bz2,34,6,7,7,17920,0.983,1
fp_2.bz2,34,6,7,7,17920,1.175,1
int_1.bz2,34,6,7,7,17920,11.515,1
int_2.bz2,34,6,7,7,17920,0.413,1
mm_1.bz2,34,6,7,8,20160,2.313,1
mm_2.bz2,34,6,7,8,20160,11.898,0
fp_1.bz2,34,6,7,8,20160,0.878,1
fp_2.bz2,34,6,7,8,20160,1.010,1
int_1.bz2,34,6,7,8,20160,10.739,1
int_2.bz2,34,6,7,8,20160,0.410,1
mm_1.bz2,34,6,7,9,22400,2.271,1
mm_2.bz2,34,6,7,9,22400,11.892,0
fp_1.bz2,34,6,7,9,22400,0.878,1
fp_2.bz2,34,6,7,9,22400,1.010,1
int_1.bz2,34,6,7,9,22400,10.658,1
int_2.bz2,34,6,7,9,22400,0.410,1
mm_1.bz2,34,6,8,5,13440,12.881,0
mm_2.bz2,34,6,8,5,13440,17.598,0
fp_1.bz2,34,6,8,5,13440,1.676,0
fp_2.bz2,34,6,8,5,13440,9.231,0
int_1.bz2,34,6,8,5,13440,19.886,0
int_2.bz2,34,6,8,5,13440,0.782,0
mm_1.bz2,34,6,8,6,15680,7.731,0
mm_2.bz2,34,6,8,6,15680,15.108,0
fp_1.bz2,34,6,8,6,15680,1.402,0
fp_2.bz2,34,6,8,6,15680,3.704,0
int_1.bz2,34,6,8,6,15680,15.974,0
int_2.bz2,34,6,8,6,15680,0.597,0
mm_1.bz2,34,6,8,7,17920,5.237,0
mm_2.bz2,34,6,8,7,17920,13.724,0
fp_1.bz2,34,6,8,7,17920,1.037,0
fp_2.bz2,34,6,8,7,17920,1.861,1
int_1.bz2,34,6,8,7,17920,13.224,0
int_2.bz2,34,6,8,7,17920,0.515,0
mm_1.bz2,34,6,8,8,20160,3.592,0
mm_2.bz2,34,6,8,8,20160,13.154,0
fp_1.bz2,34,6,8,8,20160,0.956,1
fp_2.bz2,34,6,8,8,20160,1.121,1
int_1.bz2,34,6,8,8,20160,11.675,1
int_2.bz2,34,6,8,8,20160,0.488,0
mm_1.bz2,34,6,8,9,22400,2.574,1
mm_2.bz2,34,6,8,9,22400,13.064,0
fp_1.bz2,34,6,8,9,22400,0.915,1
fp_2.bz2,34,6,8,9,22400,1.056,1
int_1.bz2,34,6,8,9,22400,11.062,1
int_2.bz2,34,6,8,9,22400,0.486,0
mm_1.bz2,34,7,5,5,26880,3.225,0
mm_2.bz2,34,7,5,5,26880,8.731,0
fp_1.bz2,34,7,5,5,26880,1.007,0
fp_2.bz2,34,7,5,5,26880,1.359,1
int_1.bz2,34,7,5,5,26880,10.850,1
int_2.bz2,34,7,5,5,26880,0.325,1
mm_1.bz2,34,7,5,6,31360,2.194,1
mm_2.bz2,34,7,5,6,31360,8.531,0
fp_1.bz2,34,7,5,6,31360,0.844,1
fp_2.bz2,34,7,5,6,31360,0.974,1
int_1.bz2,34,7,5,6,31360,9.639,1
int_2.bz2,34,7,5,6,31360,0.327,1
mm_1.bz2,34,7,5,7,35840,2.091,1
mm_2.bz2,34,7,5,7,35840,8.521,0
fp_1.bz2,34,7,5,7,35840,0.839,1
fp_2.bz2,34,7,5,7,35840,0.973,1
int_1.bz2,34,7,5,7,35840,9.192,1
int_2.bz2,34,7,5,7,35840,0.325,1
mm_1.bz2,34,7,5,8,40320,2.027,1
mm_2.bz2,34,7,5,8,40320,8.521,0
fp_1.bz2,34,7,5,8,40320,0.839,1
fp_2.bz2,34,7,5,8,40320,0.973,1
int_1.bz2,34,7,5,8,40320,9.067,1
int_2.bz2,34,7,5,8,40320,0.325,1
mm_1.bz2,34,7,5,9,44800,2.023,1
mm_2.bz2,34,7,5,9,44800,8.521,0
fp_1.bz2,34,7,5,9,44800,0.839,1
fp_2.bz2,34,7,5,9,44800,0.973,1
int_1.bz2,34,7,5,9,44800,9.056,1
int_2.bz2,34,7,5,9,44800,0.325,1
mm_1.bz2,34,7,6,5,26880,3.956,0
mm_2.bz2,34,7,6,5,26880,9.730,0
fp_1.bz2,34,7,6,5,26880,1.089,0
fp_2.bz2,34,7,6,5,26880,1.716,1
int_1.bz2,34,7,6,5,26880,11.907,1
int_2.bz2,34,7,6,5,26880,0.372,1
mm_1.bz2,34,7,6,6,31360,2.917,0
mm_2.bz2,34,7,6,6,31360,9.173,0
fp_1.bz2,34,7,6,6,31360,0.972,1
fp_2.bz2,34,7,6,6,31360,1.245,1
int_1.bz2,34,7,6,6,31360,10.269,1
int_2.bz2,34,7,6,6,31360,0.336,1
mm_1.bz2,34,7,6,7,35840,2.059,1
mm_2.bz2,34,7,6,7,35840,9.022,0
fp_1.bz2,34,7,6,7,35840,0.850,1
fp_2.bz2,34,7,6,7,35840,0.985,1
int_1.bz2,34,7,6,7,35840,9.280,1
int_2.bz2,34,7,6,7,35840,0.334,1
mm_1.bz2,34,7,6,8,40320,1.986,1
mm_2.bz2,34,7,6,8,40320,9.020,0
fp_1.bz2,34,7,6,8,40320,0.849,1
fp_2.bz2,34,7,6,8,40320,0.985,1
int_1.bz2,34,7,6,8,40320,8.970,1
int_2.bz2,34,7,6,8,40320,0.334,1
mm_1.bz2,34,7,6,9,44800,1.981,1
mm_2.bz2,34,7,6,9,44800,9.020,0
fp_1.bz2,34,7,6,9,44800,0.849,1
fp_2.bz2,34,7,6,9,44800,0.985,1
int_1.bz2,34,7,6,9,44800,8.886,1
int_2.bz2,34,7,6,9,44800,0.334,1
mm_1.bz2,34,7,7,5,26880,6.080,0
mm_2.bz2,34,7,7,5,26880,11.809,0
fp_1.bz2,34,7,7,5,26880,1.343,0
fp_2.bz2,34,7,7,5,26880,3.903,0
int_1.bz2,34,7,7,5,26880,14.361,0
int_2.bz2,34,7,7,5,26880,0.485,0
mm_1.bz2,34,7,7,6,31360,3.918,0
mm_2.bz2,34,7,7,6,31360,10.439,0
fp_1.bz2,34,7,7,6,31360,1.097,0
fp_2.bz2,34,7,7,6,31360,1.871,1
int_1.bz2,34,7,7,6,31360,11.612,1
int_2.bz2,34,7,7,6,31360,0.396,1
mm_1.bz2,34,7,7,7,35840,2.951,0
mm_2.bz2,34,7,7,7,35840,9.922,0
fp_1.bz2,34,7,7,7,35840,0.924,1
fp_2.bz2,34,7,7,7,35840,1.173,1
int_1.bz2,34,7,7,7,35840,10.184,1
int_2.bz2,34,7,7,7,35840,0.373,1
mm_1.bz2,34,7,7,8,40320,2.178,1
mm_2.bz2,34,7,7,8,40320,9.814,0
fp_1.bz2,34,7,7,8,40320,0.869,1
fp_2.bz2,34,7,7,8,40320,1.008,1
int_1.bz2,34,7,7,8,40320,9.317,1
int_2.bz2,34,7,7,8,40320,0.373,1
mm_1.bz2,34,7,7,9,44800,2.136,1
mm_2.bz2,34,7,7,9,44800,9.812,0
fp_1.bz2,34,7,7,9,44800,0.869,1
fp_2.bz2,34,7,7,9,44800,1.007,1
int_1.bz2,34,7,7,9,44800,9.078,1
int_2.bz2,34,7,7,9,44800,0.373,1
mm_1.bz2,34,7,8,5,26880,9.430,0
mm_2.bz2,34,7,8,5,26880,15.620,0
fp_1.bz2,34,7,8,5,26880,1.518,0
fp_2.bz2,34,7,8,5,26880,9.075,0
int_1.bz2,34,7,8,5,26880,17.821,0
int_2.bz2,34,7,8,5,26880,0.644,0
mm_1.bz2,34,7,8,6,31360,6.229,0
mm_2.bz2,34,7,8,6,31360,12.917,0
fp_1.bz2,34,7,8,6,31360,1.316,0
fp_2.bz2,34,7,8,6,31360,3.702,0
int_1.bz2,34,7,8,6,31360,14.333,0
int_2.bz2,34,7,8,6,31360,0.519,0
mm_1.bz2,34,7,8,7,35840,3.975,0
mm_2.bz2,34,7,8,7,35840,11.475,0
fp_1.bz2,34,7,8,7,35840,1.044,0
fp_2.bz2,34,7,8,7,35840,1.860,1
int_1.bz2,34,7,8,7,35840,11.586,1
int_2.bz2,34,7,8,7,35840,0.449,0
mm_1.bz2,34,7,8,8,40320,3.055,0
mm_2.bz2,34,7,8,8,40320,11.008,0
fp_1.bz2,34,7,8,8,40320,0.945,1
fp_2.bz2,34,7,8,8,40320,1.118,1
int_1.bz2,34,7,8,8,40320,10.355,1
int_2.bz2,34,7,8,8,40320,0.434,0
mm_1.bz2,34,7,8,9,44800,2.452,1
mm_2.bz2,34,7,8,9,44800,10.946,0
fp_1.bz2,34,7,8,9,44800,0.903,1
fp_2.bz2,34,7,8,9,44800,1.052,1
int_1.bz2,34,7,8,9,44800,9.626,1
int_2.bz2,34,7,8,9,44800,0.434,0
mm_1.bz2,34,8,5,5,53760,2.971,0
mm_2.bz2,34,8,5,5,53760,7.347,1
fp_1.bz2,34,8,5,5,53760,0.911,1
fp_2.bz2,34,8,5,5,53760,1.356,1
int_1.bz2,34,8,5,5,53760,9.676,1
int_2.bz2,34,8,5,5,53760,0.324,1
mm_1.bz2,34,8,5,6,62720,2.133,1
mm_2.bz2,34,8,5,6,62720,7.156,1
fp_1.bz2,34,8,5,6,62720,0.828,1
fp_2.bz2,34,8,5,6,62720,0.972,1
int_1.bz2,34,8,5,6,62720,8.257,1
int_2.bz2,34,8,5,6,62720,0.320,1
mm_1.bz2,34,8,6,5,53760,3.559,0
mm_2.bz2,34,8,6,5,53760,8.150,1
fp_1.bz2,34,8,6,5,53760,0.997,0
fp_2.bz2,34,8,6,5,53760,1.697,1
int_1.bz2,34,8,6,5,53760,10.652,1
int_2.bz2,34,8,6,5,53760,0.363,1
mm_1.bz2,34,8,6,6,62720,2.805,0
mm_2.bz2,34,8,6,6,62720,7.672,1
fp_1.bz2,34,8,6,6,62720,0.845,1
fp_2.bz2,34,8,6,6,62720,1.242,1
int_1.bz2,34,8,6,6,62720,9.028,1
int_2.bz2,34,8,6,6,62720,0.330,1
mm_1.bz2,34,8,7,5,53760,5.063,0
mm_2.bz2,34,8,7,5,53760,9.993,0
fp_1.bz2,34,8,7,5,53760,1.167,0
fp_2.bz2,34,8,7,5,53760,3.584,0
int_1.bz2,34,8,7,5,53760,12.752,0
int_2.bz2,34,8,7,5,53760,0.440,0
mm_1.bz2,34,8,7,6,62720,3.632,0
mm_2.bz2,34,8,7,6,62720,8.760,0
fp_1.bz2,34,8,7,6,62720,0.932,1
fp_2.bz2,34,8,7,6,62720,1.835,1
int_1.bz2,34,8,7,6,62720,10.250,1
int_2.bz2,34,8,7,6,62720,0.380,1
mm_1.bz2,34,8,8,5,53760,6.837,0
mm_2.bz2,34,8,8,5,53760,13.401,0
fp_1.bz2,34,8,8,5,53760,1.342,0
fp_2.bz2,34,8,8,5,53760,8.576,0
int_1.bz2,34,8,8,5,53760,15.789,0
int_2.bz2,34,8,8,5,53760,0.593,0
mm_1.bz2,34,8,8,6,62720,5.166,0
mm_2.bz2,34,8,8,6,62720,10.826,0
fp_1.bz2,34,8,8,6,62720,1.101,0
fp_2.bz2,34,8,8,6,62720,3.423,0
int_1.bz2,34,8,8,6,62720,12.702,0
int_2.bz2,34,8,8,6,62720,0.468,0
mm_1.bz2,36,6,5,5,14208,3.390,0
mm_2.bz2,36,6,5,5,14208,10.407,0
fp_1.bz2,36,6,5,5,14208,1.035,0
fp_2.bz2,36,6,5,5,14208,1.213,1
int_1.bz2,36,6,5,5,14208,12.274,1
int_2.bz2,36,6,5,5,14208,0.351,1
mm_1.bz2,36,6,5,6,16576,2.052,1
mm_2.bz2,36,6,5,6,16576,10.228,0
fp_1.bz2,36,6,5,6,16576,0.858,1
fp_2.bz2,36,6,5,6,16576,0.974,1
int_1.bz2,36,6,5,6,16576,11.065,1
int_2.bz2,36,6,5,6,16576,0.353,1
mm_1.bz2,36,6,5,7,18944,1.841,1
mm_2.bz2,36,6,5,7,18944,10.238,0
fp_1.bz2,36,6,5,7,18944,0.847,1
fp_2.bz2,36,6,5,7,18944,0.973,1
int_1.bz2,36,6,5,7,18944,10.804,1
int_2.bz2,36,6,5,7,18944,0.343,1
mm_1.bz2,36,6,5,8,21312,1.806,1
mm_2.bz2,36,6,5,8,21312,10.238,0
fp_1.bz2,36,6,5,8,21312,0.847,1
fp_2.bz2,36,6,5,8,21312,0.973,1
int_1.bz2,36,6,5,8,21312,10.792,1
int_2.bz2,36,6,5,8,21312,0.343,1
mm_1.bz2,36,6,5,9,23680,1.807,1
mm_2.bz2,36,6,5,9,23680,10.238,0
fp_1.bz2,36,6,5,9,23680,0.847,1
fp_2.bz2,36,6,5,9,23680,0.973,1
int_1.bz2,36,6,5,9,23680,10.792,1
int_2.bz2,36,6,5,9,23680,0.343,1
mm_1.bz2,36,6,6,5,14208,5.149,0
mm_2.bz2,36,6,6,5,14208,11.489,0
fp_1.bz2,36,6,6,5,14208,1.108,0
fp_2.bz2,36,6,6,5,14208,1.922,1
int_1.bz2,36,6,6,5,14208,13.386,0
int_2.bz2,36,6,6,5,14208,0.415,1
mm_1.bz2,36,6,6,6,16576,3.196,0
mm_2.bz2,36,6,6,6,16576,11.003,0
fp_1.bz2,36,6,6,6,16576,0.979,1
fp_2.bz2,36,6,6,6,16576,1.187,1
int_1.bz2,36,6,6,6,16576,11.537,1
int_2.bz2,36,6,6,6,16576,0.364,1
mm_1.bz2,36,6,6,7,18944,1.997,1
mm_2.bz2,36,6,6,7,18944,10.876,0
fp_1.bz2,36,6,6,7,18944,0.855,1
fp_2.bz2,36,6,6,7,18944,0.983,1
int_1.bz2,36,6,6,7,18944,10.630,1
int_2.bz2,36,6,6,7,18944,0.359,1
mm_1.bz2,36,6,6,8,21312,1.854,1
mm_2.bz2,36,6,6,8,21312,10.865,0
fp_1.bz2,36,6,6,8,21312,0.855,1
fp_2.bz2,36,6,6,8,21312,0.983,1
int_1.bz2,36,6,6,8,21312,10.489,1
int_2.bz2,36,6,6,8,21312,0.359,1
mm_1.bz2,36,6,6,9,23680,1.853,1
mm_2.bz2,36,6,6,9,23680,10.865,0
fp_1.bz2,36,6,6,9,23680,0.855,1
fp_2.bz2,36,6,6,9,23680,0.983,1
int_1.bz2,36,6,6,9,23680,10.488,1
int_2.bz2,36,6,6,9,23680,0.359,1
mm_1.bz2,36,6,7,5,14208,8.137,0
mm_2.bz2,36,6,7,5,14208,13.657,0
fp_1.bz2,36,6,7,5,14208,1.373,0
fp_2.bz2,36,6,7,5,14208,3.745,0
int_1.bz2,36,6,7,5,14208,15.836,0
int_2.bz2,36,6,7,5,14208,0.558,0
mm_1.bz2,36,6,7,6,16576,4.912,0
mm_2.bz2,36,6,7,6,16576,12.444,0
fp_1.bz2,36,6,7,6,16576,1.049,0
fp_2.bz2,36,6,7,6,16576,1.941,1
int_1.bz2,36,6,7,6,16576,13.019,0
int_2.bz2,36,6,7,6,16576,0.447,0
mm_1.bz2,36,6,7,7,18944,3.115,0
mm_2.bz2,36,6,7,7,18944,11.903,0
fp_1.bz2,36,6,7,7,18944,0.996,0
fp_2.bz2,36,6,7,7,18944,1.210,1
int_1.bz2,36,6,7,7,18944,11.401,1
int_2.bz2,36,6,7,7,18944,0.411,1
mm_1.bz2,36,6,7,8,21312,2.086,1
mm_2.bz2,36,6,7,8,21312,11.794,0
fp_1.bz2,36,6,7,8,21312,0.878,1
fp_2.bz2,36,6,7,8,21312,1.006,1
int_1.bz2,36,6,7,8,21312,10.613,1
int_2.bz2,36,6,7,8,21312,0.407,1
mm_1.bz2,36,6,7,9,23680,2.004,1
mm_2.bz2,36,6,7,9,23680,11.789,0
fp_1.bz2,36,6,7,9,23680,0.878,1
fp_2.bz2,36,6,7,9,23680,1.006,1
int_1.bz2,36,6,7,9,23680,10.534,1
int_2.bz2,36,6,7,9,23680,0.407,1
mm_1.bz2,36,6,8,5,14208,12.329,0
mm_2.bz2,36,6,8,5,14208,17.390,0
fp_1.bz2,36,6,8,5,14208,1.676,0
fp_2.bz2,36,6,8,5,14208,7.314,0
int_1.bz2,36,6,8,5,14208,19.647,0
int_2.bz2,36,6,8,5,14208,0.773,0
mm_1.bz2,36,6,8,6,16576,8.078,0
mm_2.bz2,36,6,8,6,16576,14.924,0
fp_1.bz2,36,6,8,6,16576,1.414,0
fp_2.bz2,36,6,8,6,16576,3.445,0
int_1.bz2,36,6,8,6,16576,15.787,0
int_2.bz2,36,6,8,6,16576,0.595,0
mm_1.bz2,36,6,8,7,18944,4.790,0
mm_2.bz2,36,6,8,7,18944,13.580,0
fp_1.bz2,36,6,8,7,18944,1.062,0
fp_2.bz2,36,6,8,7,18944,1.976,1
int_1.bz2,36,6,8,7,18944,13.080,0
int_2.bz2,36,6,8,7,18944,0.509,0
mm_1.bz2,36,6,8,8,21312,3.259,0
mm_2.bz2,36,6,8,8,21312,13.035,0
fp_1.bz2,36,6,8,8,21312,0.955,1
fp_2.bz2,36,6,8,8,21312,1.233,1
int_1.bz2,36,6,8,8,21312,11.540,1
int_2.bz2,36,6,8,8,21312,0.482,0
mm_1.bz2,36,6,8,9,23680,2.351,1
mm_2.bz2,36,6,8,9,23680,12.945,0
fp_1.bz2,36,6,8,9,23680,0.916,1
fp_2.bz2,36,6,8,9,23680,1.048,1
int_1.bz2,36,6,8,9,23680,10.895,1
int_2.bz2,36,6,8,9,23680,0.481,0
mm_1.bz2,36,7,5,5,28416,2.890,0
mm_2.bz2,36,7,5,5,28416,8.703,0
fp_1.bz2,36,7,5,5,28416,1.013,0
fp_2.bz2,36,7,5,5,28416,1.208,1
int_1.bz2,36,7,5,5,28416,10.820,1
int_2.bz2,36,7,5,5,28416,0.327,1
mm_1.bz2,36,7,5,6,33152,1.924,1
mm_2.bz2,36,7,5,6,33152,8.500,0
fp_1.bz2,36,7,5,6,33152,0.852,1
fp_2.bz2,36,7,5,6,33152,0.973,1
int_1.bz2,36,7,5,6,33152,9.597,1
int_2.bz2,36,7,5,6,33152,0.338,1
mm_1.bz2,36,7,5,7,37888,1.724,1
mm_2.bz2,36,7,5,7,37888,8.484,0
fp_1.bz2,36,7,5,7,37888,0.840,1
fp_2.bz2,36,7,5,7,37888,0.972,1
int_1.bz2,36,7,5,7,37888,9.162,1
int_2.bz2,36,7,5,7,37888,0.336,1
mm_1.bz2,36,7,5,8,42624,1.754,1
mm_2.bz2,36,7,5,8,42624,8.484,0
fp_1.bz2,36,7,5,8,42624,0.840,1
fp_2.bz2,36,7,5,8,42624,0.972,1
int_1.bz2,36,7,5,8,42624,9.039,1
int_2.bz2,36,7,5,8,42624,0.336,1
mm_1.bz2,36,7,5,9,47360,1.754,1
mm_2.bz2,36,7,5,9,47360,8.484,0
fp_1.bz2,36,7,5,9,47360,0.840,1
fp_2.bz2,36,7,5,9,47360,0.972,1
int_1.bz2,36,7,5,9,47360,9.029,1
int_2.bz2,36,7,5,9,47360,0.336,1
mm_1.bz2,36,7,6,5,28416,3.770,0
mm_2.bz2,36,7,6,5,28416,9.629,0
fp_1.bz2,36,7,6,5,28416,1.089,0
fp_2.bz2,36,7,6,5,28416,1.921,1
int_1.bz2,36,7,6,5,28416,11.778,1
int_2.bz2,36,7,6,5,28416,0.365,1
mm_1.bz2,36,7,6,6,33152,2.723,0
mm_2.bz2,36,7,6,6,33152,9.096,0
fp_1.bz2,36,7,6,6,33152,0.973,1
fp_2.bz2,36,7,6,6,33152,1.185,1
int_1.bz2,36,7,6,6,33152,10.192,1
int_2.bz2,36,7,6,6,33152,0.332,1
mm_1.bz2,36,7,6,7,37888,1.898,1
mm_2.bz2,36,7,6,7,37888,8.943,0
fp_1.bz2,36,7,6,7,37888,0.850,1
fp_2.bz2,36,7,6,7,37888,0.982,1
int_1.bz2,36,7,6,7,37888,9.204,1
int_2.bz2,36,7,6,7,37888,0.333,1
mm_1.bz2,36,7,6,8,42624,1.837,1
mm_2.bz2,36,7,6,8,42624,8.942,0
fp_1.bz2,36,7,6,8,42624,0.850,1
fp_2.bz2,36,7,6,8,42624,0.981,1
int_1.bz2,36,7,6,8,42624,8.918,1
int_2.bz2,36,7,6,8,42624,0.333,1
mm_1.bz2,36,7,6,9,47360,1.836,1
mm_2.bz2,36,7,6,9,47360,8.942,0
fp_1.bz2,36,7,6,9,47360,0.850,1
fp_2.bz2,36,7,6,9,47360,0.981,1
int_1.bz2,36,7,6,9,47360,8.838,1
int_2.bz2,36,7,6,9,47360,0.333,1
mm_1.bz2,36,7,7,5,28416,5.881,0
mm_2.bz2,36,7,7,5,28416,11.654,0
fp_1.bz2,36,7,7,5,28416,1.343,0
fp_2.bz2,36,7,7,5,28416,3.743,0
int_1.bz2,36,7,7,5,28416,14.172,0
int_2.bz2,36,7,7,5,28416,0.480,0
mm_1.bz2,36,7,7,6,33152,3.650,0
mm_2.bz2,36,7,7,6,33152,10.317,0
fp_1.bz2,36,7,7,6,33152,1.097,0
fp_2.bz2,36,7,7,6,33152,1.938,1
int_1.bz2,36,7,7,6,33152,11.477,1
int_2.bz2,36,7,7,6,33152,0.390,1
mm_1.bz2,36,7,7,7,37888,2.700,0
mm_2.bz2,36,7,7,7,37888,9.823,0
fp_1.bz2,36,7,7,7,37888,0.939,1
fp_2.bz2,36,7,7,7,37888,1.212,1
int_1.bz2,36,7,7,7,37888,10.059,1
int_2.bz2,36,7,7,7,37888,0.368,1
mm_1.bz2,36,7,7,8,42624,1.956,1
mm_2.bz2,36,7,7,8,42624,9.715,0
fp_1.bz2,36,7,7,8,42624,0.870,1
fp_2.bz2,36,7,7,8,42624,1.004,1
int_1.bz2,36,7,7,8,42624,9.218,1
int_2.bz2,36,7,7,8,42624,0.368,1
mm_1.bz2,36,7,7,9,47360,1.923,1
mm_2.bz2,36,7,7,9,47360,9.715,0
fp_1.bz2,36,7,7,9,47360,0.870,1
fp_2.bz2,36,7,7,9,47360,1.004,1
int_1.bz2,36,7,7,9,47360,8.992,1
int_2.bz2,36,7,7,9,47360,0.368,1
mm_1.bz2,36,7,8,5,28416,9.032,0
mm_2.bz2,36,7,8,5,28416,15.388,0
fp_1.bz2,36,7,8,5,28416,1.518,0
fp_2.bz2,36,7,8,5,28416,7.288,0
int_1.bz2,36,7,8,5,28416,17.553,0
int_2.bz2,36,7,8,5,28416,0.630,0
mm_1.bz2,36,7,8,6,33152,6.181,0
mm_2.bz2,36,7,8,6,33152,12.741,0
fp_1.bz2,36,7,8,6,33152,1.344,0
fp_2.bz2,36,7,8,6,33152,3.402,0
int_1.bz2,36,7,8,6,33152,14.169,0
int_2.bz2,36,7,8,6,33152,0.516,0
mm_1.bz2,36,7,8,7,37888,3.685,0
mm_2.bz2,36,7,8,7,37888,11.335,0
fp_1.bz2,36,7,8,7,37888,1.059,0
fp_2.bz2,36,7,8,7,37888,1.974,1
int_1.bz2,36,7,8,7,37888,11.447,1
int_2.bz2,36,7,8,7,37888,0.449,0
mm_1.bz2,36,7,8,8,42624,2.736,0
mm_2.bz2,36,7,8,8,42624,10.897,0
fp_1.bz2,36,7,8,8,42624,0.943,1
fp_2.bz2,36,7,8,8,42624,1.228,1
int_1.bz2,36,7,8,8,42624,10.228,1
int_2.bz2,36,7,8,8,42624,0.431,0
mm_1.bz2,36,7,8,9,47360,2.140,1
mm_2.bz2,36,7,8,9,47360,10.831,0
fp_1.bz2,36,7,8,9,47360,0.904,1
fp_2.bz2,36,7,8,9,47360,1.045,1
int_1.bz2,36,7,8,9,47360,9.510,1
int_2.bz2,36,7,8,9,47360,0.431,0
mm_1.bz2,36,8,5,5,56832,2.700,0
mm_2.bz2,36,8,5,5,56832,7.301,1
fp_1.bz2,36,8,5,5,56832,0.911,1
fp_2.bz2,36,8,5,5,56832,1.206,1
int_1.bz2,36,8,5,5,56832,9.641,1
int_2.bz2,36,8,5,5,56832,0.327,1
mm_1.bz2,36,8,6,5,56832,3.588,0
mm_2.bz2,36,8,6,5,56832,8.063,1
fp_1.bz2,36,8,6,5,56832,0.996,0
fp_2.bz2,36,8,6,5,56832,1.909,1
int_1.bz2,36,8,6,5,56832,10.536,1
int_2.bz2,36,8,6,5,56832,0.357,1
mm_1.bz2,36,8,7,5,56832,4.759,0
mm_2.bz2,36,8,7,5,56832,9.834,0
fp_1.bz2,36,8,7,5,56832,1.167,0
fp_2.bz2,36,8,7,5,56832,3.533,0
int_1.bz2,36,8,7,5,56832,12.606,1
int_2.bz2,36,8,7,5,56832,0.439,0
mm_1.bz2,36,8,8,5,56832,6.299,0
mm_2.bz2,36,8,8,5,56832,13.162,0
fp_1.bz2,36,8,8,5,56832,1.341,0
fp_2.bz2,36,8,8,5,56832,6.918,0
int_1.bz2,36,8,8,5,56832,15.608,0
int_2.bz2,36,8,8,5,56832,0.570,0
