trace_ghistoryBits,pcIndexBits,trainingThresholdBits,weightsBits,size,mis_prediction_rate
fp_1.bz2,16,4,4,4,1360,1.394
fp_2.bz2,16,4,4,4,1360,4.044
int_1.bz2,16,4,4,4,1360,23.193
int_2.bz2,16,4,4,4,1360,0.795
mm_1.bz2,16,4,4,4,1360,13.768
mm_2.bz2,16,4,4,4,1360,15.230
fp_1.bz2,16,4,4,6,1904,0.965
fp_2.bz2,16,4,4,6,1904,1.388
int_1.bz2,16,4,4,6,1904,21.926
int_2.bz2,16,4,4,6,1904,0.649
mm_1.bz2,16,4,4,6,1904,11.177
mm_2.bz2,16,4,4,6,1904,14.628
fp_1.bz2,16,4,4,8,2448,0.965
fp_2.bz2,16,4,4,8,2448,1.038
int_1.bz2,16,4,4,8,2448,21.927
int_2.bz2,16,4,4,8,2448,0.650
mm_1.bz2,16,4,4,8,2448,10.965
mm_2.bz2,16,4,4,8,2448,14.627
fp_1.bz2,16,4,4,10,2992,0.965
fp_2.bz2,16,4,4,10,2992,1.038
int_1.bz2,16,4,4,10,2992,21.927
int_2.bz2,16,4,4,10,2992,0.650
mm_1.bz2,16,4,4,10,2992,10.965
mm_2.bz2,16,4,4,10,2992,14.627
fp_1.bz2,16,4,4,12,3536,0.965
fp_2.bz2,16,4,4,12,3536,1.038
int_1.bz2,16,4,4,12,3536,21.927
int_2.bz2,16,4,4,12,3536,0.650
mm_1.bz2,16,4,4,12,3536,10.965
mm_2.bz2,16,4,4,12,3536,14.627
fp_1.bz2,16,4,6,4,1360,2.388
fp_2.bz2,16,4,6,4,1360,16.139
int_1.bz2,16,4,6,4,1360,27.447
int_2.bz2,16,4,6,4,1360,1.197
mm_1.bz2,16,4,6,4,1360,20.386
mm_2.bz2,16,4,6,4,1360,19.846
fp_1.bz2,16,4,6,6,1904,1.132
fp_2.bz2,16,4,6,6,1904,3.929
int_1.bz2,16,4,6,6,1904,22.300
int_2.bz2,16,4,6,6,1904,0.815
mm_1.bz2,16,4,6,6,1904,12.350
mm_2.bz2,16,4,6,6,1904,16.532
fp_1.bz2,16,4,6,8,2448,0.991
fp_2.bz2,16,4,6,8,2448,1.452
int_1.bz2,16,4,6,8,2448,21.301
int_2.bz2,16,4,6,8,2448,0.741
mm_1.bz2,16,4,6,8,2448,10.705
mm_2.bz2,16,4,6,8,2448,16.525
fp_1.bz2,16,4,6,10,2992,0.991
fp_2.bz2,16,4,6,10,2992,1.207
int_1.bz2,16,4,6,10,2992,21.301
int_2.bz2,16,4,6,10,2992,0.741
mm_1.bz2,16,4,6,10,2992,10.713
mm_2.bz2,16,4,6,10,2992,16.525
fp_1.bz2,16,4,6,12,3536,0.991
fp_2.bz2,16,4,6,12,3536,1.207
int_1.bz2,16,4,6,12,3536,21.301
int_2.bz2,16,4,6,12,3536,0.741
mm_1.bz2,16,4,6,12,3536,10.713
mm_2.bz2,16,4,6,12,3536,16.525
fp_1.bz2,16,4,8,4,1360,2.501
fp_2.bz2,16,4,8,4,1360,31.843
int_1.bz2,16,4,8,4,1360,34.009
int_2.bz2,16,4,8,4,1360,1.708
mm_1.bz2,16,4,8,4,1360,32.476
mm_2.bz2,16,4,8,4,1360,25.778
fp_1.bz2,16,4,8,6,1904,2.401
fp_2.bz2,16,4,8,6,1904,13.362
int_1.bz2,16,4,8,6,1904,26.632
int_2.bz2,16,4,8,6,1904,1.233
mm_1.bz2,16,4,8,6,1904,20.208
mm_2.bz2,16,4,8,6,1904,21.953
fp_1.bz2,16,4,8,8,2448,1.446
fp_2.bz2,16,4,8,8,2448,3.814
int_1.bz2,16,4,8,8,2448,22.466
int_2.bz2,16,4,8,8,2448,0.923
mm_1.bz2,16,4,8,8,2448,12.421
mm_2.bz2,16,4,8,8,2448,19.797
fp_1.bz2,16,4,8,10,2992,1.213
fp_2.bz2,16,4,8,10,2992,1.724
int_1.bz2,16,4,8,10,2992,21.667
int_2.bz2,16,4,8,10,2992,0.907
mm_1.bz2,16,4,8,10,2992,11.027
mm_2.bz2,16,4,8,10,2992,19.852
fp_1.bz2,16,4,8,12,3536,1.213
fp_2.bz2,16,4,8,12,3536,1.674
int_1.bz2,16,4,8,12,3536,21.667
int_2.bz2,16,4,8,12,3536,0.907
mm_1.bz2,16,4,8,12,3536,11.027
mm_2.bz2,16,4,8,12,3536,19.852
fp_1.bz2,16,4,10,4,1360,2.546
fp_2.bz2,16,4,10,4,1360,31.852
int_1.bz2,16,4,10,4,1360,34.073
int_2.bz2,16,4,10,4,1360,1.766
mm_1.bz2,16,4,10,4,1360,32.483
mm_2.bz2,16,4,10,4,1360,31.305
fp_1.bz2,16,4,10,6,1904,2.519
fp_2.bz2,16,4,10,6,1904,31.840
int_1.bz2,16,4,10,6,1904,34.033
int_2.bz2,16,4,10,6,1904,1.731
mm_1.bz2,16,4,10,6,1904,32.410
mm_2.bz2,16,4,10,6,1904,28.089
fp_1.bz2,16,4,10,8,2448,2.423
fp_2.bz2,16,4,10,8,2448,13.290
int_1.bz2,16,4,10,8,2448,26.702
int_2.bz2,16,4,10,8,2448,1.287
mm_1.bz2,16,4,10,8,2448,20.092
mm_2.bz2,16,4,10,8,2448,24.959
fp_1.bz2,16,4,10,10,2992,1.974
fp_2.bz2,16,4,10,10,2992,4.005
int_1.bz2,16,4,10,10,2992,22.969
int_2.bz2,16,4,10,10,2992,1.140
mm_1.bz2,16,4,10,10,2992,12.846
mm_2.bz2,16,4,10,10,2992,22.733
fp_1.bz2,16,4,10,12,3536,1.876
fp_2.bz2,16,4,10,12,3536,2.708
int_1.bz2,16,4,10,12,3536,22.404
int_2.bz2,16,4,10,12,3536,1.128
mm_1.bz2,16,4,10,12,3536,12.165
mm_2.bz2,16,4,10,12,3536,22.705
fp_1.bz2,16,4,12,4,1360,2.546
fp_2.bz2,16,4,12,4,1360,31.852
int_1.bz2,16,4,12,4,1360,34.073
int_2.bz2,16,4,12,4,1360,1.788
mm_1.bz2,16,4,12,4,1360,32.483
mm_2.bz2,16,4,12,4,1360,34.422
fp_1.bz2,16,4,12,6,1904,2.546
fp_2.bz2,16,4,12,6,1904,31.846
int_1.bz2,16,4,12,6,1904,34.034
int_2.bz2,16,4,12,6,1904,1.775
mm_1.bz2,16,4,12,6,1904,32.414
mm_2.bz2,16,4,12,6,1904,33.796
fp_1.bz2,16,4,12,8,2448,2.533
fp_2.bz2,16,4,12,8,2448,31.828
int_1.bz2,16,4,12,8,2448,33.951
int_2.bz2,16,4,12,8,2448,1.729
mm_1.bz2,16,4,12,8,2448,32.142
mm_2.bz2,16,4,12,8,2448,30.282
fp_1.bz2,16,4,12,10,2992,2.486
fp_2.bz2,16,4,12,10,2992,13.404
int_1.bz2,16,4,12,10,2992,27.617
int_2.bz2,16,4,12,10,2992,1.395
mm_1.bz2,16,4,12,10,2992,20.524
mm_2.bz2,16,4,12,10,2992,28.038
fp_1.bz2,16,4,12,12,3536,2.463
fp_2.bz2,16,4,12,12,3536,5.228
int_1.bz2,16,4,12,12,3536,24.099
int_2.bz2,16,4,12,12,3536,1.346
mm_1.bz2,16,4,12,12,3536,14.619
mm_2.bz2,16,4,12,12,3536,26.083
fp_1.bz2,16,4,14,4,1360,2.546
fp_2.bz2,16,4,14,4,1360,31.852
int_1.bz2,16,4,14,4,1360,34.073
int_2.bz2,16,4,14,4,1360,1.788
mm_1.bz2,16,4,14,4,1360,32.483
mm_2.bz2,16,4,14,4,1360,34.601
fp_1.bz2,16,4,14,6,1904,2.546
fp_2.bz2,16,4,14,6,1904,31.846
int_1.bz2,16,4,14,6,1904,34.034
int_2.bz2,16,4,14,6,1904,1.775
mm_1.bz2,16,4,14,6,1904,32.414
mm_2.bz2,16,4,14,6,1904,34.449
fp_1.bz2,16,4,14,8,2448,2.546
fp_2.bz2,16,4,14,8,2448,31.828
int_1.bz2,16,4,14,8,2448,33.951
int_2.bz2,16,4,14,8,2448,1.729
mm_1.bz2,16,4,14,8,2448,32.142
mm_2.bz2,16,4,14,8,2448,34.273
fp_1.bz2,16,4,14,10,2992,2.546
fp_2.bz2,16,4,14,10,2992,31.758
int_1.bz2,16,4,14,10,2992,33.664
int_2.bz2,16,4,14,10,2992,1.725
mm_1.bz2,16,4,14,10,2992,31.200
mm_2.bz2,16,4,14,10,2992,32.626
fp_1.bz2,16,4,14,12,3536,2.546
fp_2.bz2,16,4,14,12,3536,14.088
int_1.bz2,16,4,14,12,3536,30.275
int_2.bz2,16,4,14,12,3536,1.583
mm_1.bz2,16,4,14,12,3536,21.289
mm_2.bz2,16,4,14,12,3536,31.383
fp_1.bz2,16,4,16,4,1360,2.546
fp_2.bz2,16,4,16,4,1360,31.852
int_1.bz2,16,4,16,4,1360,34.073
int_2.bz2,16,4,16,4,1360,1.788
mm_1.bz2,16,4,16,4,1360,32.483
mm_2.bz2,16,4,16,4,1360,34.601
fp_1.bz2,16,4,16,6,1904,2.546
fp_2.bz2,16,4,16,6,1904,31.846
int_1.bz2,16,4,16,6,1904,34.034
int_2.bz2,16,4,16,6,1904,1.775
mm_1.bz2,16,4,16,6,1904,32.414
mm_2.bz2,16,4,16,6,1904,34.449
fp_1.bz2,16,4,16,8,2448,2.546
fp_2.bz2,16,4,16,8,2448,31.828
int_1.bz2,16,4,16,8,2448,33.951
int_2.bz2,16,4,16,8,2448,1.729
mm_1.bz2,16,4,16,8,2448,32.142
mm_2.bz2,16,4,16,8,2448,34.273
fp_1.bz2,16,4,16,10,2992,2.546
fp_2.bz2,16,4,16,10,2992,31.758
int_1.bz2,16,4,16,10,2992,33.664
int_2.bz2,16,4,16,10,2992,1.725
mm_1.bz2,16,4,16,10,2992,31.200
mm_2.bz2,16,4,16,10,2992,34.226
fp_1.bz2,16,4,16,12,3536,2.546
fp_2.bz2,16,4,16,12,3536,31.479
int_1.bz2,16,4,16,12,3536,33.893
int_2.bz2,16,4,16,12,3536,1.764
mm_1.bz2,16,4,16,12,3536,28.474
mm_2.bz2,16,4,16,12,3536,34.011
fp_1.bz2,16,6,4,4,5440,1.017
fp_2.bz2,16,6,4,4,5440,2.284
int_1.bz2,16,6,4,4,5440,15.437
int_2.bz2,16,6,4,4,5440,0.456
mm_1.bz2,16,6,4,4,5440,6.867
mm_2.bz2,16,6,4,4,5440,10.783
fp_1.bz2,16,6,4,6,7616,0.843
fp_2.bz2,16,6,4,6,7616,1.018
int_1.bz2,16,6,4,6,7616,13.443
int_2.bz2,16,6,4,6,7616,0.390
mm_1.bz2,16,6,4,6,7616,4.448
mm_2.bz2,16,6,4,6,7616,10.430
fp_1.bz2,16,6,4,8,9792,0.843
fp_2.bz2,16,6,4,8,9792,0.984
int_1.bz2,16,6,4,8,9792,13.406
int_2.bz2,16,6,4,8,9792,0.389
mm_1.bz2,16,6,4,8,9792,4.097
mm_2.bz2,16,6,4,8,9792,10.431
fp_1.bz2,16,6,4,10,11968,0.843
fp_2.bz2,16,6,4,10,11968,0.984
int_1.bz2,16,6,4,10,11968,13.406
int_2.bz2,16,6,4,10,11968,0.389
mm_1.bz2,16,6,4,10,11968,4.097
mm_2.bz2,16,6,4,10,11968,10.431
fp_1.bz2,16,6,4,12,14144,0.843
fp_2.bz2,16,6,4,12,14144,0.984
int_1.bz2,16,6,4,12,14144,13.406
int_2.bz2,16,6,4,12,14144,0.389
mm_1.bz2,16,6,4,12,14144,4.097
mm_2.bz2,16,6,4,12,14144,10.431
fp_1.bz2,16,6,6,4,5440,1.712
fp_2.bz2,16,6,6,4,5440,9.275
int_1.bz2,16,6,6,4,5440,19.970
int_2.bz2,16,6,6,4,5440,0.780
mm_1.bz2,16,6,6,4,5440,12.951
mm_2.bz2,16,6,6,4,5440,15.480
fp_1.bz2,16,6,6,6,7616,0.971
fp_2.bz2,16,6,6,6,7616,2.111
int_1.bz2,16,6,6,6,7616,14.336
int_2.bz2,16,6,6,6,7616,0.487
mm_1.bz2,16,6,6,6,7616,6.228
mm_2.bz2,16,6,6,6,7616,12.438
fp_1.bz2,16,6,6,8,9792,0.875
fp_2.bz2,16,6,6,8,9792,1.045
int_1.bz2,16,6,6,8,9792,12.924
int_2.bz2,16,6,6,8,9792,0.467
mm_1.bz2,16,6,6,8,9792,4.389
mm_2.bz2,16,6,6,8,9792,12.318
fp_1.bz2,16,6,6,10,11968,0.875
fp_2.bz2,16,6,6,10,11968,1.037
int_1.bz2,16,6,6,10,11968,12.923
int_2.bz2,16,6,6,10,11968,0.467
mm_1.bz2,16,6,6,10,11968,4.345
mm_2.bz2,16,6,6,10,11968,12.318
fp_1.bz2,16,6,6,12,14144,0.875
fp_2.bz2,16,6,6,12,14144,1.037
int_1.bz2,16,6,6,12,14144,12.923
int_2.bz2,16,6,6,12,14144,0.467
mm_1.bz2,16,6,6,12,14144,4.345
mm_2.bz2,16,6,6,12,14144,12.318
fp_1.bz2,16,6,8,4,5440,1.863
fp_2.bz2,16,6,8,4,5440,21.642
int_1.bz2,16,6,8,4,5440,26.936
int_2.bz2,16,6,8,4,5440,1.148
mm_1.bz2,16,6,8,4,5440,23.446
mm_2.bz2,16,6,8,4,5440,22.443
fp_1.bz2,16,6,8,6,7616,1.779
fp_2.bz2,16,6,8,6,7616,8.371
int_1.bz2,16,6,8,6,7616,19.637
int_2.bz2,16,6,8,6,7616,0.799
mm_1.bz2,16,6,8,6,7616,12.684
mm_2.bz2,16,6,8,6,7616,18.063
fp_1.bz2,16,6,8,8,9792,1.027
fp_2.bz2,16,6,8,8,9792,2.161
int_1.bz2,16,6,8,8,9792,14.511
int_2.bz2,16,6,8,8,9792,0.645
mm_1.bz2,16,6,8,8,9792,6.269
mm_2.bz2,16,6,8,8,9792,14.993
fp_1.bz2,16,6,8,10,11968,0.982
fp_2.bz2,16,6,8,10,11968,1.192
int_1.bz2,16,6,8,10,11968,13.440
int_2.bz2,16,6,8,10,11968,0.641
mm_1.bz2,16,6,8,10,11968,5.001
mm_2.bz2,16,6,8,10,11968,14.909
fp_1.bz2,16,6,8,12,14144,0.982
fp_2.bz2,16,6,8,12,14144,1.192
int_1.bz2,16,6,8,12,14144,13.440
int_2.bz2,16,6,8,12,14144,0.641
mm_1.bz2,16,6,8,12,14144,5.001
mm_2.bz2,16,6,8,12,14144,14.909
fp_1.bz2,16,6,10,4,5440,1.863
fp_2.bz2,16,6,10,4,5440,21.642
int_1.bz2,16,6,10,4,5440,27.514
int_2.bz2,16,6,10,4,5440,1.181
mm_1.bz2,16,6,10,4,5440,23.451
mm_2.bz2,16,6,10,4,5440,29.098
fp_1.bz2,16,6,10,6,7616,1.863
fp_2.bz2,16,6,10,6,7616,21.642
int_1.bz2,16,6,10,6,7616,27.151
int_2.bz2,16,6,10,6,7616,1.167
mm_1.bz2,16,6,10,6,7616,23.172
mm_2.bz2,16,6,10,6,7616,24.985
fp_1.bz2,16,6,10,8,9792,1.707
fp_2.bz2,16,6,10,8,9792,8.446
int_1.bz2,16,6,10,8,9792,19.861
int_2.bz2,16,6,10,8,9792,0.877
mm_1.bz2,16,6,10,8,9792,13.209
mm_2.bz2,16,6,10,8,9792,21.104
fp_1.bz2,16,6,10,10,11968,1.323
fp_2.bz2,16,6,10,10,11968,2.380
int_1.bz2,16,6,10,10,11968,15.478
int_2.bz2,16,6,10,10,11968,0.821
mm_1.bz2,16,6,10,10,11968,7.246
mm_2.bz2,16,6,10,10,11968,18.264
fp_1.bz2,16,6,10,12,14144,1.323
fp_2.bz2,16,6,10,12,14144,1.637
int_1.bz2,16,6,10,12,14144,14.913
int_2.bz2,16,6,10,12,14144,0.821
mm_1.bz2,16,6,10,12,14144,6.433
mm_2.bz2,16,6,10,12,14144,18.224
fp_1.bz2,16,6,12,4,5440,1.863
fp_2.bz2,16,6,12,4,5440,21.642
int_1.bz2,16,6,12,4,5440,27.514
int_2.bz2,16,6,12,4,5440,1.181
mm_1.bz2,16,6,12,4,5440,23.451
mm_2.bz2,16,6,12,4,5440,31.580
fp_1.bz2,16,6,12,6,7616,1.863
fp_2.bz2,16,6,12,6,7616,21.642
int_1.bz2,16,6,12,6,7616,27.331
int_2.bz2,16,6,12,6,7616,1.174
mm_1.bz2,16,6,12,6,7616,23.172
mm_2.bz2,16,6,12,6,7616,30.599
fp_1.bz2,16,6,12,8,9792,1.782
fp_2.bz2,16,6,12,8,9792,21.642
int_1.bz2,16,6,12,8,9792,26.898
int_2.bz2,16,6,12,8,9792,1.155
mm_1.bz2,16,6,12,8,9792,22.575
mm_2.bz2,16,6,12,8,9792,28.204
fp_1.bz2,16,6,12,10,11968,1.739
fp_2.bz2,16,6,12,10,11968,8.749
int_1.bz2,16,6,12,10,11968,20.938
int_2.bz2,16,6,12,10,11968,0.970
mm_1.bz2,16,6,12,10,11968,14.297
mm_2.bz2,16,6,12,10,11968,24.880
fp_1.bz2,16,6,12,12,14144,1.690
fp_2.bz2,16,6,12,12,14144,3.260
int_1.bz2,16,6,12,12,14144,18.000
int_2.bz2,16,6,12,12,14144,0.967
mm_1.bz2,16,6,12,12,14144,10.386
mm_2.bz2,16,6,12,12,14144,23.375
fp_1.bz2,16,6,14,4,5440,1.863
fp_2.bz2,16,6,14,4,5440,21.642
int_1.bz2,16,6,14,4,5440,27.514
int_2.bz2,16,6,14,4,5440,1.181
mm_1.bz2,16,6,14,4,5440,23.451
mm_2.bz2,16,6,14,4,5440,31.732
fp_1.bz2,16,6,14,6,7616,1.863
fp_2.bz2,16,6,14,6,7616,21.642
int_1.bz2,16,6,14,6,7616,27.331
int_2.bz2,16,6,14,6,7616,1.174
mm_1.bz2,16,6,14,6,7616,23.172
mm_2.bz2,16,6,14,6,7616,31.096
fp_1.bz2,16,6,14,8,9792,1.782
fp_2.bz2,16,6,14,8,9792,21.642
int_1.bz2,16,6,14,8,9792,26.899
int_2.bz2,16,6,14,8,9792,1.155
mm_1.bz2,16,6,14,8,9792,22.575
mm_2.bz2,16,6,14,8,9792,30.654
fp_1.bz2,16,6,14,10,11968,1.782
fp_2.bz2,16,6,14,10,11968,21.273
int_1.bz2,16,6,14,10,11968,26.851
int_2.bz2,16,6,14,10,11968,1.143
mm_1.bz2,16,6,14,10,11968,21.729
mm_2.bz2,16,6,14,10,11968,29.887
fp_1.bz2,16,6,14,12,14144,1.782
fp_2.bz2,16,6,14,12,14144,9.582
int_1.bz2,16,6,14,12,14144,23.795
int_2.bz2,16,6,14,12,14144,1.126
mm_1.bz2,16,6,14,12,14144,16.884
mm_2.bz2,16,6,14,12,14144,28.463
fp_1.bz2,16,6,16,4,5440,1.863
fp_2.bz2,16,6,16,4,5440,21.642
int_1.bz2,16,6,16,4,5440,27.514
int_2.bz2,16,6,16,4,5440,1.181
mm_1.bz2,16,6,16,4,5440,23.451
mm_2.bz2,16,6,16,4,5440,31.732
fp_1.bz2,16,6,16,6,7616,1.863
fp_2.bz2,16,6,16,6,7616,21.642
int_1.bz2,16,6,16,6,7616,27.331
int_2.bz2,16,6,16,6,7616,1.174
mm_1.bz2,16,6,16,6,7616,23.172
mm_2.bz2,16,6,16,6,7616,31.096
fp_1.bz2,16,6,16,8,9792,1.782
fp_2.bz2,16,6,16,8,9792,21.642
int_1.bz2,16,6,16,8,9792,26.899
int_2.bz2,16,6,16,8,9792,1.155
mm_1.bz2,16,6,16,8,9792,22.575
mm_2.bz2,16,6,16,8,9792,30.654
fp_1.bz2,16,6,16,10,11968,1.782
fp_2.bz2,16,6,16,10,11968,21.273
int_1.bz2,16,6,16,10,11968,26.851
int_2.bz2,16,6,16,10,11968,1.143
mm_1.bz2,16,6,16,10,11968,21.729
mm_2.bz2,16,6,16,10,11968,30.795
fp_1.bz2,16,6,16,12,14144,1.782
fp_2.bz2,16,6,16,12,14144,21.272
int_1.bz2,16,6,16,12,14144,26.355
int_2.bz2,16,6,16,12,14144,1.143
mm_1.bz2,16,6,16,12,14144,20.849
mm_2.bz2,16,6,16,12,14144,30.934
fp_1.bz2,16,8,4,4,21760,0.920
fp_2.bz2,16,8,4,4,21760,2.174
int_1.bz2,16,8,4,4,21760,12.183
int_2.bz2,16,8,4,4,21760,0.387
mm_1.bz2,16,8,4,4,21760,4.809
mm_2.bz2,16,8,4,4,21760,8.003
fp_1.bz2,16,8,4,6,30464,0.830
fp_2.bz2,16,8,4,6,30464,0.985
int_1.bz2,16,8,4,6,30464,10.127
int_2.bz2,16,8,4,6,30464,0.355
mm_1.bz2,16,8,4,6,30464,3.750
mm_2.bz2,16,8,4,6,30464,7.627
fp_1.bz2,16,8,4,8,39168,0.830
fp_2.bz2,16,8,4,8,39168,0.977
int_1.bz2,16,8,4,8,39168,10.044
int_2.bz2,16,8,4,8,39168,0.355
mm_1.bz2,16,8,4,8,39168,3.763
mm_2.bz2,16,8,4,8,39168,7.626
fp_1.bz2,16,8,4,10,47872,0.830
fp_2.bz2,16,8,4,10,47872,0.977
int_1.bz2,16,8,4,10,47872,10.044
int_2.bz2,16,8,4,10,47872,0.355
mm_1.bz2,16,8,4,10,47872,3.763
mm_2.bz2,16,8,4,10,47872,7.626
fp_1.bz2,16,8,4,12,56576,0.830
fp_2.bz2,16,8,4,12,56576,0.977
int_1.bz2,16,8,4,12,56576,10.044
int_2.bz2,16,8,4,12,56576,0.355
mm_1.bz2,16,8,4,12,56576,3.763
mm_2.bz2,16,8,4,12,56576,7.626
fp_1.bz2,16,8,6,4,21760,1.422
fp_2.bz2,16,8,6,4,21760,8.904
int_1.bz2,16,8,6,4,21760,15.212
int_2.bz2,16,8,6,4,21760,0.576
mm_1.bz2,16,8,6,4,21760,7.357
mm_2.bz2,16,8,6,4,21760,11.608
fp_1.bz2,16,8,6,6,30464,0.849
fp_2.bz2,16,8,6,6,30464,1.950
int_1.bz2,16,8,6,6,30464,11.358
int_2.bz2,16,8,6,6,30464,0.403
mm_1.bz2,16,8,6,6,30464,4.530
mm_2.bz2,16,8,6,6,30464,8.880
fp_1.bz2,16,8,6,8,39168,0.848
fp_2.bz2,16,8,6,8,39168,1.022
int_1.bz2,16,8,6,8,39168,9.892
int_2.bz2,16,8,6,8,39168,0.389
mm_1.bz2,16,8,6,8,39168,3.747
mm_2.bz2,16,8,6,8,39168,8.704
fp_1.bz2,16,8,6,10,47872,0.848
fp_2.bz2,16,8,6,10,47872,1.022
int_1.bz2,16,8,6,10,47872,9.881
int_2.bz2,16,8,6,10,47872,0.389
mm_1.bz2,16,8,6,10,47872,3.748
mm_2.bz2,16,8,6,10,47872,8.704
fp_1.bz2,16,8,6,12,56576,0.848
fp_2.bz2,16,8,6,12,56576,1.022
int_1.bz2,16,8,6,12,56576,9.881
int_2.bz2,16,8,6,12,56576,0.389
mm_1.bz2,16,8,6,12,56576,3.748
mm_2.bz2,16,8,6,12,56576,8.704
fp_1.bz2,16,8,8,4,21760,1.422
fp_2.bz2,16,8,8,4,21760,20.163
int_1.bz2,16,8,8,4,21760,19.839
int_2.bz2,16,8,8,4,21760,0.777
mm_1.bz2,16,8,8,4,21760,13.542
mm_2.bz2,16,8,8,4,21760,18.131
fp_1.bz2,16,8,8,6,30464,1.338
fp_2.bz2,16,8,8,6,30464,7.998
int_1.bz2,16,8,8,6,30464,15.040
int_2.bz2,16,8,8,6,30464,0.589
mm_1.bz2,16,8,8,6,30464,7.426
mm_2.bz2,16,8,8,6,30464,13.427
fp_1.bz2,16,8,8,8,39168,0.915
fp_2.bz2,16,8,8,8,39168,1.985
int_1.bz2,16,8,8,8,39168,11.566
int_2.bz2,16,8,8,8,39168,0.503
mm_1.bz2,16,8,8,8,39168,4.623
mm_2.bz2,16,8,8,8,39168,10.946
fp_1.bz2,16,8,8,10,47872,0.915
fp_2.bz2,16,8,8,10,47872,1.162
int_1.bz2,16,8,8,10,47872,10.528
int_2.bz2,16,8,8,10,47872,0.504
mm_1.bz2,16,8,8,10,47872,4.054
mm_2.bz2,16,8,8,10,47872,10.867
fp_1.bz2,16,8,8,12,56576,0.915
fp_2.bz2,16,8,8,12,56576,1.162
int_1.bz2,16,8,8,12,56576,10.528
int_2.bz2,16,8,8,12,56576,0.504
mm_1.bz2,16,8,8,12,56576,4.054
mm_2.bz2,16,8,8,12,56576,10.867
fp_1.bz2,16,8,10,4,21760,1.422
fp_2.bz2,16,8,10,4,21760,20.163
int_1.bz2,16,8,10,4,21760,19.857
int_2.bz2,16,8,10,4,21760,0.803
mm_1.bz2,16,8,10,4,21760,13.547
mm_2.bz2,16,8,10,4,21760,22.629
fp_1.bz2,16,8,10,6,30464,1.338
fp_2.bz2,16,8,10,6,30464,20.163
int_1.bz2,16,8,10,6,30464,19.662
int_2.bz2,16,8,10,6,30464,0.790
mm_1.bz2,16,8,10,6,30464,13.262
mm_2.bz2,16,8,10,6,30464,20.305
fp_1.bz2,16,8,10,8,39168,1.338
fp_2.bz2,16,8,10,8,39168,8.066
int_1.bz2,16,8,10,8,39168,15.238
int_2.bz2,16,8,10,8,39168,0.662
mm_1.bz2,16,8,10,8,39168,7.924
mm_2.bz2,16,8,10,8,39168,16.191
fp_1.bz2,16,8,10,10,47872,1.094
fp_2.bz2,16,8,10,10,47872,2.187
int_1.bz2,16,8,10,10,47872,12.359
int_2.bz2,16,8,10,10,47872,0.631
mm_1.bz2,16,8,10,10,47872,5.320
mm_2.bz2,16,8,10,10,47872,14.436
fp_1.bz2,16,8,10,12,56576,1.094
fp_2.bz2,16,8,10,12,56576,1.550
int_1.bz2,16,8,10,12,56576,11.664
int_2.bz2,16,8,10,12,56576,0.631
mm_1.bz2,16,8,10,12,56576,4.893
mm_2.bz2,16,8,10,12,56576,14.413
fp_1.bz2,16,8,12,4,21760,1.422
fp_2.bz2,16,8,12,4,21760,20.163
int_1.bz2,16,8,12,4,21760,19.857
int_2.bz2,16,8,12,4,21760,0.803
mm_1.bz2,16,8,12,4,21760,13.547
mm_2.bz2,16,8,12,4,21760,22.986
fp_1.bz2,16,8,12,6,30464,1.338
fp_2.bz2,16,8,12,6,30464,20.163
int_1.bz2,16,8,12,6,30464,19.662
int_2.bz2,16,8,12,6,30464,0.792
mm_1.bz2,16,8,12,6,30464,13.262
mm_2.bz2,16,8,12,6,30464,22.354
fp_1.bz2,16,8,12,8,39168,1.338
fp_2.bz2,16,8,12,8,39168,20.163
int_1.bz2,16,8,12,8,39168,19.297
int_2.bz2,16,8,12,8,39168,0.776
mm_1.bz2,16,8,12,8,39168,12.691
mm_2.bz2,16,8,12,8,39168,21.653
fp_1.bz2,16,8,12,10,47872,1.338
fp_2.bz2,16,8,12,10,47872,8.339
int_1.bz2,16,8,12,10,47872,15.996
int_2.bz2,16,8,12,10,47872,0.720
mm_1.bz2,16,8,12,10,47872,8.870
mm_2.bz2,16,8,12,10,47872,19.788
fp_1.bz2,16,8,12,12,56576,1.338
fp_2.bz2,16,8,12,12,56576,3.000
int_1.bz2,16,8,12,12,56576,13.968
int_2.bz2,16,8,12,12,56576,0.717
mm_1.bz2,16,8,12,12,56576,7.323
mm_2.bz2,16,8,12,12,56576,19.223
fp_1.bz2,16,8,14,4,21760,1.422
fp_2.bz2,16,8,14,4,21760,20.163
int_1.bz2,16,8,14,4,21760,19.857
int_2.bz2,16,8,14,4,21760,0.803
mm_1.bz2,16,8,14,4,21760,13.547
mm_2.bz2,16,8,14,4,21760,22.986
fp_1.bz2,16,8,14,6,30464,1.338
fp_2.bz2,16,8,14,6,30464,20.163
int_1.bz2,16,8,14,6,30464,19.662
int_2.bz2,16,8,14,6,30464,0.792
mm_1.bz2,16,8,14,6,30464,13.262
mm_2.bz2,16,8,14,6,30464,22.370
fp_1.bz2,16,8,14,8,39168,1.338
fp_2.bz2,16,8,14,8,39168,20.163
int_1.bz2,16,8,14,8,39168,19.297
int_2.bz2,16,8,14,8,39168,0.776
mm_1.bz2,16,8,14,8,39168,12.691
mm_2.bz2,16,8,14,8,39168,22.291
fp_1.bz2,16,8,14,10,47872,1.338
fp_2.bz2,16,8,14,10,47872,20.163
int_1.bz2,16,8,14,10,47872,18.820
int_2.bz2,16,8,14,10,47872,0.774
mm_1.bz2,16,8,14,10,47872,11.703
mm_2.bz2,16,8,14,10,47872,22.251
fp_1.bz2,16,8,14,12,56576,1.338
fp_2.bz2,16,8,14,12,56576,9.068
int_1.bz2,16,8,14,12,56576,17.513
int_2.bz2,16,8,14,12,56576,0.762
mm_1.bz2,16,8,14,12,56576,10.542
mm_2.bz2,16,8,14,12,56576,21.941
fp_1.bz2,16,8,16,4,21760,1.422
fp_2.bz2,16,8,16,4,21760,20.163
int_1.bz2,16,8,16,4,21760,19.857
int_2.bz2,16,8,16,4,21760,0.803
mm_1.bz2,16,8,16,4,21760,13.547
mm_2.bz2,16,8,16,4,21760,22.986
fp_1.bz2,16,8,16,6,30464,1.338
fp_2.bz2,16,8,16,6,30464,20.163
int_1.bz2,16,8,16,6,30464,19.662
int_2.bz2,16,8,16,6,30464,0.792
mm_1.bz2,16,8,16,6,30464,13.262
mm_2.bz2,16,8,16,6,30464,22.370
fp_1.bz2,16,8,16,8,39168,1.338
fp_2.bz2,16,8,16,8,39168,20.163
int_1.bz2,16,8,16,8,39168,19.297
int_2.bz2,16,8,16,8,39168,0.776
mm_1.bz2,16,8,16,8,39168,12.691
mm_2.bz2,16,8,16,8,39168,22.291
fp_1.bz2,16,8,16,10,47872,1.338
fp_2.bz2,16,8,16,10,47872,20.163
int_1.bz2,16,8,16,10,47872,18.820
int_2.bz2,16,8,16,10,47872,0.774
mm_1.bz2,16,8,16,10,47872,11.703
mm_2.bz2,16,8,16,10,47872,22.286
fp_1.bz2,16,8,16,12,56576,1.338
fp_2.bz2,16,8,16,12,56576,20.163
int_1.bz2,16,8,16,12,56576,18.488
int_2.bz2,16,8,16,12,56576,0.774
mm_1.bz2,16,8,16,12,56576,11.161
mm_2.bz2,16,8,16,12,56576,22.430
fp_1.bz2,18,4,4,4,1520,1.450
fp_2.bz2,18,4,4,4,1520,3.862
int_1.bz2,18,4,4,4,1520,22.740
int_2.bz2,18,4,4,4,1520,0.768
mm_1.bz2,18,4,4,4,1520,13.806
mm_2.bz2,18,4,4,4,1520,14.947
fp_1.bz2,18,4,4,6,2128,0.963
fp_2.bz2,18,4,4,6,2128,1.325
int_1.bz2,18,4,4,6,2128,21.585
int_2.bz2,18,4,4,6,2128,0.614
mm_1.bz2,18,4,4,6,2128,10.804
mm_2.bz2,18,4,4,6,2128,14.355
fp_1.bz2,18,4,4,8,2736,0.963
fp_2.bz2,18,4,4,8,2736,1.024
int_1.bz2,18,4,4,8,2736,21.220
int_2.bz2,18,4,4,8,2736,0.613
mm_1.bz2,18,4,4,8,2736,10.610
mm_2.bz2,18,4,4,8,2736,14.355
fp_1.bz2,18,4,4,10,3344,0.963
fp_2.bz2,18,4,4,10,3344,1.024
int_1.bz2,18,4,4,10,3344,21.220
int_2.bz2,18,4,4,10,3344,0.613
mm_1.bz2,18,4,4,10,3344,10.610
mm_2.bz2,18,4,4,10,3344,14.355
fp_1.bz2,18,4,4,12,3952,0.963
fp_2.bz2,18,4,4,12,3952,1.024
int_1.bz2,18,4,4,12,3952,21.220
int_2.bz2,18,4,4,12,3952,0.613
mm_1.bz2,18,4,4,12,3952,10.610
mm_2.bz2,18,4,4,12,3952,14.355
fp_1.bz2,18,4,6,4,1520,2.387
fp_2.bz2,18,4,6,4,1520,13.926
int_1.bz2,18,4,6,4,1520,26.893
int_2.bz2,18,4,6,4,1520,1.194
mm_1.bz2,18,4,6,4,1520,20.289
mm_2.bz2,18,4,6,4,1520,19.436
fp_1.bz2,18,4,6,6,2128,1.136
fp_2.bz2,18,4,6,6,2128,3.749
int_1.bz2,18,4,6,6,2128,21.759
int_2.bz2,18,4,6,6,2128,0.769
mm_1.bz2,18,4,6,6,2128,12.282
mm_2.bz2,18,4,6,6,2128,16.131
fp_1.bz2,18,4,6,8,2736,0.988
fp_2.bz2,18,4,6,8,2736,1.367
int_1.bz2,18,4,6,8,2736,20.956
int_2.bz2,18,4,6,8,2736,0.693
mm_1.bz2,18,4,6,8,2736,10.444
mm_2.bz2,18,4,6,8,2736,16.115
fp_1.bz2,18,4,6,10,3344,0.988
fp_2.bz2,18,4,6,10,3344,1.152
int_1.bz2,18,4,6,10,3344,20.700
int_2.bz2,18,4,6,10,3344,0.693
mm_1.bz2,18,4,6,10,3344,10.387
mm_2.bz2,18,4,6,10,3344,16.115
fp_1.bz2,18,4,6,12,3952,0.988
fp_2.bz2,18,4,6,12,3952,1.152
int_1.bz2,18,4,6,12,3952,20.700
int_2.bz2,18,4,6,12,3952,0.693
mm_1.bz2,18,4,6,12,3952,10.387
mm_2.bz2,18,4,6,12,3952,16.115
fp_1.bz2,18,4,8,4,1520,2.498
fp_2.bz2,18,4,8,4,1520,31.844
int_1.bz2,18,4,8,4,1520,33.973
int_2.bz2,18,4,8,4,1520,1.702
mm_1.bz2,18,4,8,4,1520,32.475
mm_2.bz2,18,4,8,4,1520,25.432
fp_1.bz2,18,4,8,6,2128,2.401
fp_2.bz2,18,4,8,6,2128,12.807
int_1.bz2,18,4,8,6,2128,26.213
int_2.bz2,18,4,8,6,2128,1.199
mm_1.bz2,18,4,8,6,2128,20.013
mm_2.bz2,18,4,8,6,2128,21.491
fp_1.bz2,18,4,8,8,2736,1.380
fp_2.bz2,18,4,8,8,2736,3.503
int_1.bz2,18,4,8,8,2736,21.857
int_2.bz2,18,4,8,8,2736,0.890
mm_1.bz2,18,4,8,8,2736,11.987
mm_2.bz2,18,4,8,8,2736,19.429
fp_1.bz2,18,4,8,10,3344,1.162
fp_2.bz2,18,4,8,10,3344,1.675
int_1.bz2,18,4,8,10,3344,21.396
int_2.bz2,18,4,8,10,3344,0.878
mm_1.bz2,18,4,8,10,3344,10.856
mm_2.bz2,18,4,8,10,3344,19.479
fp_1.bz2,18,4,8,12,3952,1.162
fp_2.bz2,18,4,8,12,3952,1.631
int_1.bz2,18,4,8,12,3952,21.396
int_2.bz2,18,4,8,12,3952,0.878
mm_1.bz2,18,4,8,12,3952,10.856
mm_2.bz2,18,4,8,12,3952,19.479
fp_1.bz2,18,4,10,4,1520,2.546
fp_2.bz2,18,4,10,4,1520,31.853
int_1.bz2,18,4,10,4,1520,34.074
int_2.bz2,18,4,10,4,1520,1.764
mm_1.bz2,18,4,10,4,1520,32.482
mm_2.bz2,18,4,10,4,1520,31.180
fp_1.bz2,18,4,10,6,2128,2.518
fp_2.bz2,18,4,10,6,2128,31.846
int_1.bz2,18,4,10,6,2128,34.030
int_2.bz2,18,4,10,6,2128,1.720
mm_1.bz2,18,4,10,6,2128,32.394
mm_2.bz2,18,4,10,6,2128,27.699
fp_1.bz2,18,4,10,8,2736,2.420
fp_2.bz2,18,4,10,8,2736,12.253
int_1.bz2,18,4,10,8,2736,26.134
int_2.bz2,18,4,10,8,2736,1.276
mm_1.bz2,18,4,10,8,2736,19.869
mm_2.bz2,18,4,10,8,2736,24.496
fp_1.bz2,18,4,10,10,3344,1.870
fp_2.bz2,18,4,10,10,3344,3.856
int_1.bz2,18,4,10,10,3344,22.442
int_2.bz2,18,4,10,10,3344,1.117
mm_1.bz2,18,4,10,10,3344,12.557
mm_2.bz2,18,4,10,10,3344,22.477
fp_1.bz2,18,4,10,12,3952,1.778
fp_2.bz2,18,4,10,12,3952,2.430
int_1.bz2,18,4,10,12,3952,22.002
int_2.bz2,18,4,10,12,3952,1.109
mm_1.bz2,18,4,10,12,3952,11.810
mm_2.bz2,18,4,10,12,3952,22.446
fp_1.bz2,18,4,12,4,1520,2.546
fp_2.bz2,18,4,12,4,1520,31.853
int_1.bz2,18,4,12,4,1520,34.074
int_2.bz2,18,4,12,4,1520,1.787
mm_1.bz2,18,4,12,4,1520,32.482
mm_2.bz2,18,4,12,4,1520,34.389
fp_1.bz2,18,4,12,6,2128,2.546
fp_2.bz2,18,4,12,6,2128,31.852
int_1.bz2,18,4,12,6,2128,34.034
int_2.bz2,18,4,12,6,2128,1.772
mm_1.bz2,18,4,12,6,2128,32.399
mm_2.bz2,18,4,12,6,2128,33.687
fp_1.bz2,18,4,12,8,2736,2.529
fp_2.bz2,18,4,12,8,2736,31.850
int_1.bz2,18,4,12,8,2736,33.948
int_2.bz2,18,4,12,8,2736,1.728
mm_1.bz2,18,4,12,8,2736,32.064
mm_2.bz2,18,4,12,8,2736,29.977
fp_1.bz2,18,4,12,10,3344,2.479
fp_2.bz2,18,4,12,10,3344,12.851
int_1.bz2,18,4,12,10,3344,27.152
int_2.bz2,18,4,12,10,3344,1.407
mm_1.bz2,18,4,12,10,3344,20.191
mm_2.bz2,18,4,12,10,3344,27.508
fp_1.bz2,18,4,12,12,3952,2.456
fp_2.bz2,18,4,12,12,3952,5.200
int_1.bz2,18,4,12,12,3952,23.742
int_2.bz2,18,4,12,12,3952,1.338
mm_1.bz2,18,4,12,12,3952,14.481
mm_2.bz2,18,4,12,12,3952,25.731
fp_1.bz2,18,4,14,4,1520,2.546
fp_2.bz2,18,4,14,4,1520,31.853
int_1.bz2,18,4,14,4,1520,34.074
int_2.bz2,18,4,14,4,1520,1.787
mm_1.bz2,18,4,14,4,1520,32.482
mm_2.bz2,18,4,14,4,1520,34.587
fp_1.bz2,18,4,14,6,2128,2.546
fp_2.bz2,18,4,14,6,2128,31.852
int_1.bz2,18,4,14,6,2128,34.034
int_2.bz2,18,4,14,6,2128,1.772
mm_1.bz2,18,4,14,6,2128,32.399
mm_2.bz2,18,4,14,6,2128,34.439
fp_1.bz2,18,4,14,8,2736,2.546
fp_2.bz2,18,4,14,8,2736,31.850
int_1.bz2,18,4,14,8,2736,33.948
int_2.bz2,18,4,14,8,2736,1.729
mm_1.bz2,18,4,14,8,2736,32.064
mm_2.bz2,18,4,14,8,2736,34.259
fp_1.bz2,18,4,14,10,3344,2.546
fp_2.bz2,18,4,14,10,3344,31.850
int_1.bz2,18,4,14,10,3344,33.630
int_2.bz2,18,4,14,10,3344,1.726
mm_1.bz2,18,4,14,10,3344,30.878
mm_2.bz2,18,4,14,10,3344,32.373
fp_1.bz2,18,4,14,12,3952,2.546
fp_2.bz2,18,4,14,12,3952,14.464
int_1.bz2,18,4,14,12,3952,29.782
int_2.bz2,18,4,14,12,3952,1.570
mm_1.bz2,18,4,14,12,3952,21.085
mm_2.bz2,18,4,14,12,3952,31.215
fp_1.bz2,18,4,16,4,1520,2.546
fp_2.bz2,18,4,16,4,1520,31.853
int_1.bz2,18,4,16,4,1520,34.074
int_2.bz2,18,4,16,4,1520,1.787
mm_1.bz2,18,4,16,4,1520,32.482
mm_2.bz2,18,4,16,4,1520,34.587
fp_1.bz2,18,4,16,6,2128,2.546
fp_2.bz2,18,4,16,6,2128,31.852
int_1.bz2,18,4,16,6,2128,34.034
int_2.bz2,18,4,16,6,2128,1.772
mm_1.bz2,18,4,16,6,2128,32.399
mm_2.bz2,18,4,16,6,2128,34.439
fp_1.bz2,18,4,16,8,2736,2.546
fp_2.bz2,18,4,16,8,2736,31.850
int_1.bz2,18,4,16,8,2736,33.948
int_2.bz2,18,4,16,8,2736,1.729
mm_1.bz2,18,4,16,8,2736,32.064
mm_2.bz2,18,4,16,8,2736,34.259
fp_1.bz2,18,4,16,10,3344,2.546
fp_2.bz2,18,4,16,10,3344,31.850
int_1.bz2,18,4,16,10,3344,33.630
int_2.bz2,18,4,16,10,3344,1.726
mm_1.bz2,18,4,16,10,3344,30.878
mm_2.bz2,18,4,16,10,3344,34.170
fp_1.bz2,18,4,16,12,3952,2.546
fp_2.bz2,18,4,16,12,3952,31.850
int_1.bz2,18,4,16,12,3952,33.810
int_2.bz2,18,4,16,12,3952,1.760
mm_1.bz2,18,4,16,12,3952,27.303
mm_2.bz2,18,4,16,12,3952,34.103
fp_1.bz2,18,6,4,4,6080,1.075
fp_2.bz2,18,6,4,4,6080,2.362
int_1.bz2,18,6,4,4,6080,15.375
int_2.bz2,18,6,4,4,6080,0.430
mm_1.bz2,18,6,4,4,6080,6.712
mm_2.bz2,18,6,4,4,6080,10.582
fp_1.bz2,18,6,4,6,8512,0.841
fp_2.bz2,18,6,4,6,8512,0.978
int_1.bz2,18,6,4,6,8512,12.626
int_2.bz2,18,6,4,6,8512,0.377
mm_1.bz2,18,6,4,6,8512,4.239
mm_2.bz2,18,6,4,6,8512,10.254
fp_1.bz2,18,6,4,8,10944,0.841
fp_2.bz2,18,6,4,8,10944,0.975
int_1.bz2,18,6,4,8,10944,12.434
int_2.bz2,18,6,4,8,10944,0.383
mm_1.bz2,18,6,4,8,10944,4.045
mm_2.bz2,18,6,4,8,10944,10.254
fp_1.bz2,18,6,4,10,13376,0.841
fp_2.bz2,18,6,4,10,13376,0.975
int_1.bz2,18,6,4,10,13376,12.434
int_2.bz2,18,6,4,10,13376,0.383
mm_1.bz2,18,6,4,10,13376,4.045
mm_2.bz2,18,6,4,10,13376,10.254
fp_1.bz2,18,6,4,12,15808,0.841
fp_2.bz2,18,6,4,12,15808,0.975
int_1.bz2,18,6,4,12,15808,12.434
int_2.bz2,18,6,4,12,15808,0.383
mm_1.bz2,18,6,4,12,15808,4.045
mm_2.bz2,18,6,4,12,15808,10.254
fp_1.bz2,18,6,6,4,6080,1.713
fp_2.bz2,18,6,6,4,6080,7.979
int_1.bz2,18,6,6,4,6080,19.569
int_2.bz2,18,6,6,4,6080,0.749
mm_1.bz2,18,6,6,4,6080,12.444
mm_2.bz2,18,6,6,4,6080,14.965
fp_1.bz2,18,6,6,6,8512,0.967
fp_2.bz2,18,6,6,6,8512,1.989
int_1.bz2,18,6,6,6,8512,14.068
int_2.bz2,18,6,6,6,8512,0.461
mm_1.bz2,18,6,6,6,8512,5.925
mm_2.bz2,18,6,6,6,8512,12.128
fp_1.bz2,18,6,6,8,10944,0.866
fp_2.bz2,18,6,6,8,10944,1.012
int_1.bz2,18,6,6,8,10944,11.994
int_2.bz2,18,6,6,8,10944,0.446
mm_1.bz2,18,6,6,8,10944,4.271
mm_2.bz2,18,6,6,8,10944,12.018
fp_1.bz2,18,6,6,10,13376,0.866
fp_2.bz2,18,6,6,10,13376,1.011
int_1.bz2,18,6,6,10,13376,11.935
int_2.bz2,18,6,6,10,13376,0.446
mm_1.bz2,18,6,6,10,13376,4.216
mm_2.bz2,18,6,6,10,13376,12.018
fp_1.bz2,18,6,6,12,15808,0.866
fp_2.bz2,18,6,6,12,15808,1.011
int_1.bz2,18,6,6,12,15808,11.935
int_2.bz2,18,6,6,12,15808,0.446
mm_1.bz2,18,6,6,12,15808,4.216
mm_2.bz2,18,6,6,12,15808,12.018
fp_1.bz2,18,6,8,4,6080,1.863
fp_2.bz2,18,6,8,4,6080,21.642
int_1.bz2,18,6,8,4,6080,26.870
int_2.bz2,18,6,8,4,6080,1.139
mm_1.bz2,18,6,8,4,6080,23.445
mm_2.bz2,18,6,8,4,6080,21.988
fp_1.bz2,18,6,8,6,8512,1.779
fp_2.bz2,18,6,8,6,8512,7.821
int_1.bz2,18,6,8,6,8512,19.268
int_2.bz2,18,6,8,6,8512,0.783
mm_1.bz2,18,6,8,6,8512,11.919
mm_2.bz2,18,6,8,6,8512,17.421
fp_1.bz2,18,6,8,8,10944,0.997
fp_2.bz2,18,6,8,8,10944,1.820
int_1.bz2,18,6,8,8,10944,14.284
int_2.bz2,18,6,8,8,10944,0.624
mm_1.bz2,18,6,8,8,10944,5.868
mm_2.bz2,18,6,8,8,10944,14.658
fp_1.bz2,18,6,8,10,13376,0.948
fp_2.bz2,18,6,8,10,13376,1.143
int_1.bz2,18,6,8,10,13376,12.495
int_2.bz2,18,6,8,10,13376,0.622
mm_1.bz2,18,6,8,10,13376,4.729
mm_2.bz2,18,6,8,10,13376,14.575
fp_1.bz2,18,6,8,12,15808,0.948
fp_2.bz2,18,6,8,12,15808,1.143
int_1.bz2,18,6,8,12,15808,12.486
int_2.bz2,18,6,8,12,15808,0.622
mm_1.bz2,18,6,8,12,15808,4.729
mm_2.bz2,18,6,8,12,15808,14.575
fp_1.bz2,18,6,10,4,6080,1.863
fp_2.bz2,18,6,10,4,6080,21.642
int_1.bz2,18,6,10,4,6080,27.513
int_2.bz2,18,6,10,4,6080,1.179
mm_1.bz2,18,6,10,4,6080,23.450
mm_2.bz2,18,6,10,4,6080,28.964
fp_1.bz2,18,6,10,6,8512,1.863
fp_2.bz2,18,6,10,6,8512,21.642
int_1.bz2,18,6,10,6,8512,27.069
int_2.bz2,18,6,10,6,8512,1.153
mm_1.bz2,18,6,10,6,8512,23.145
mm_2.bz2,18,6,10,6,8512,24.531
fp_1.bz2,18,6,10,8,10944,1.705
fp_2.bz2,18,6,10,8,10944,7.729
int_1.bz2,18,6,10,8,10944,19.356
int_2.bz2,18,6,10,8,10944,0.864
mm_1.bz2,18,6,10,8,10944,12.204
mm_2.bz2,18,6,10,8,10944,20.451
fp_1.bz2,18,6,10,10,13376,1.224
fp_2.bz2,18,6,10,10,13376,2.097
int_1.bz2,18,6,10,10,13376,15.212
int_2.bz2,18,6,10,10,13376,0.801
mm_1.bz2,18,6,10,10,13376,6.827
mm_2.bz2,18,6,10,10,13376,17.823
fp_1.bz2,18,6,10,12,15808,1.224
fp_2.bz2,18,6,10,12,15808,1.530
int_1.bz2,18,6,10,12,15808,14.279
int_2.bz2,18,6,10,12,15808,0.804
mm_1.bz2,18,6,10,12,15808,6.161
mm_2.bz2,18,6,10,12,15808,17.802
fp_1.bz2,18,6,12,4,6080,1.863
fp_2.bz2,18,6,12,4,6080,21.642
int_1.bz2,18,6,12,4,6080,27.513
int_2.bz2,18,6,12,4,6080,1.179
mm_1.bz2,18,6,12,4,6080,23.450
mm_2.bz2,18,6,12,4,6080,31.518
fp_1.bz2,18,6,12,6,8512,1.863
fp_2.bz2,18,6,12,6,8512,21.642
int_1.bz2,18,6,12,6,8512,27.315
int_2.bz2,18,6,12,6,8512,1.175
mm_1.bz2,18,6,12,6,8512,23.145
mm_2.bz2,18,6,12,6,8512,30.425
fp_1.bz2,18,6,12,8,10944,1.782
fp_2.bz2,18,6,12,8,10944,21.642
int_1.bz2,18,6,12,8,10944,26.872
int_2.bz2,18,6,12,8,10944,1.151
mm_1.bz2,18,6,12,8,10944,22.410
mm_2.bz2,18,6,12,8,10944,27.927
fp_1.bz2,18,6,12,10,13376,1.734
fp_2.bz2,18,6,12,10,13376,7.392
int_1.bz2,18,6,12,10,13376,20.482
int_2.bz2,18,6,12,10,13376,0.962
mm_1.bz2,18,6,12,10,13376,13.607
mm_2.bz2,18,6,12,10,13376,24.351
fp_1.bz2,18,6,12,12,15808,1.682
fp_2.bz2,18,6,12,12,15808,3.185
int_1.bz2,18,6,12,12,15808,17.691
int_2.bz2,18,6,12,12,15808,0.961
mm_1.bz2,18,6,12,12,15808,9.718
mm_2.bz2,18,6,12,12,15808,23.048
fp_1.bz2,18,6,14,4,6080,1.863
fp_2.bz2,18,6,14,4,6080,21.642
int_1.bz2,18,6,14,4,6080,27.513
int_2.bz2,18,6,14,4,6080,1.179
mm_1.bz2,18,6,14,4,6080,23.450
mm_2.bz2,18,6,14,4,6080,31.682
fp_1.bz2,18,6,14,6,8512,1.863
fp_2.bz2,18,6,14,6,8512,21.642
int_1.bz2,18,6,14,6,8512,27.315
int_2.bz2,18,6,14,6,8512,1.175
mm_1.bz2,18,6,14,6,8512,23.145
mm_2.bz2,18,6,14,6,8512,30.989
fp_1.bz2,18,6,14,8,10944,1.782
fp_2.bz2,18,6,14,8,10944,21.642
int_1.bz2,18,6,14,8,10944,26.887
int_2.bz2,18,6,14,8,10944,1.151
mm_1.bz2,18,6,14,8,10944,22.410
mm_2.bz2,18,6,14,8,10944,30.566
fp_1.bz2,18,6,14,10,13376,1.782
fp_2.bz2,18,6,14,10,13376,21.275
int_1.bz2,18,6,14,10,13376,26.777
int_2.bz2,18,6,14,10,13376,1.143
mm_1.bz2,18,6,14,10,13376,21.306
mm_2.bz2,18,6,14,10,13376,29.806
fp_1.bz2,18,6,14,12,15808,1.782
fp_2.bz2,18,6,14,12,15808,7.602
int_1.bz2,18,6,14,12,15808,23.413
int_2.bz2,18,6,14,12,15808,1.119
mm_1.bz2,18,6,14,12,15808,16.446
mm_2.bz2,18,6,14,12,15808,28.382
fp_1.bz2,18,6,16,4,6080,1.863
fp_2.bz2,18,6,16,4,6080,21.642
int_1.bz2,18,6,16,4,6080,27.513
int_2.bz2,18,6,16,4,6080,1.179
mm_1.bz2,18,6,16,4,6080,23.450
mm_2.bz2,18,6,16,4,6080,31.682
fp_1.bz2,18,6,16,6,8512,1.863
fp_2.bz2,18,6,16,6,8512,21.642
int_1.bz2,18,6,16,6,8512,27.315
int_2.bz2,18,6,16,6,8512,1.175
mm_1.bz2,18,6,16,6,8512,23.145
mm_2.bz2,18,6,16,6,8512,30.989
fp_1.bz2,18,6,16,8,10944,1.782
fp_2.bz2,18,6,16,8,10944,21.642
int_1.bz2,18,6,16,8,10944,26.887
int_2.bz2,18,6,16,8,10944,1.151
mm_1.bz2,18,6,16,8,10944,22.410
mm_2.bz2,18,6,16,8,10944,30.566
fp_1.bz2,18,6,16,10,13376,1.782
fp_2.bz2,18,6,16,10,13376,21.275
int_1.bz2,18,6,16,10,13376,26.777
int_2.bz2,18,6,16,10,13376,1.143
mm_1.bz2,18,6,16,10,13376,21.306
mm_2.bz2,18,6,16,10,13376,30.832
fp_1.bz2,18,6,16,12,15808,1.782
fp_2.bz2,18,6,16,12,15808,21.272
int_1.bz2,18,6,16,12,15808,26.355
int_2.bz2,18,6,16,12,15808,1.143
mm_1.bz2,18,6,16,12,15808,20.734
mm_2.bz2,18,6,16,12,15808,30.973
fp_1.bz2,18,8,4,4,24320,0.918
fp_2.bz2,18,8,4,4,24320,2.300
int_1.bz2,18,8,4,4,24320,12.283
int_2.bz2,18,8,4,4,24320,0.371
mm_1.bz2,18,8,4,4,24320,4.760
mm_2.bz2,18,8,4,4,24320,7.851
fp_1.bz2,18,8,4,6,34048,0.826
fp_2.bz2,18,8,4,6,34048,0.970
int_1.bz2,18,8,4,6,34048,9.236
int_2.bz2,18,8,4,6,34048,0.345
mm_1.bz2,18,8,4,6,34048,3.617
mm_2.bz2,18,8,4,6,34048,7.461
fp_1.bz2,18,8,4,8,43776,0.826
fp_2.bz2,18,8,4,8,43776,0.970
int_1.bz2,18,8,4,8,43776,8.997
int_2.bz2,18,8,4,8,43776,0.345
mm_1.bz2,18,8,4,8,43776,3.612
mm_2.bz2,18,8,4,8,43776,7.462
fp_1.bz2,18,8,4,10,53504,0.826
fp_2.bz2,18,8,4,10,53504,0.970
int_1.bz2,18,8,4,10,53504,8.997
int_2.bz2,18,8,4,10,53504,0.345
mm_1.bz2,18,8,4,10,53504,3.612
mm_2.bz2,18,8,4,10,53504,7.462
fp_1.bz2,18,8,4,12,63232,0.826
fp_2.bz2,18,8,4,12,63232,0.970
int_1.bz2,18,8,4,12,63232,8.997
int_2.bz2,18,8,4,12,63232,0.345
mm_1.bz2,18,8,4,12,63232,3.612
mm_2.bz2,18,8,4,12,63232,7.462
fp_1.bz2,18,8,6,4,24320,1.422
fp_2.bz2,18,8,6,4,24320,7.421
int_1.bz2,18,8,6,4,24320,14.930
int_2.bz2,18,8,6,4,24320,0.555
mm_1.bz2,18,8,6,4,24320,7.003
mm_2.bz2,18,8,6,4,24320,11.224
fp_1.bz2,18,8,6,6,34048,0.836
fp_2.bz2,18,8,6,6,34048,1.828
int_1.bz2,18,8,6,6,34048,11.145
int_2.bz2,18,8,6,6,34048,0.388
mm_1.bz2,18,8,6,6,34048,4.281
mm_2.bz2,18,8,6,6,34048,8.616
fp_1.bz2,18,8,6,8,43776,0.836
fp_2.bz2,18,8,6,8,43776,0.998
int_1.bz2,18,8,6,8,43776,8.816
int_2.bz2,18,8,6,8,43776,0.379
mm_1.bz2,18,8,6,8,43776,3.578
mm_2.bz2,18,8,6,8,43776,8.425
fp_1.bz2,18,8,6,10,53504,0.836
fp_2.bz2,18,8,6,10,53504,0.998
int_1.bz2,18,8,6,10,53504,8.755
int_2.bz2,18,8,6,10,53504,0.379
mm_1.bz2,18,8,6,10,53504,3.578
mm_2.bz2,18,8,6,10,53504,8.425
fp_1.bz2,18,8,6,12,63232,0.836
fp_2.bz2,18,8,6,12,63232,0.998
int_1.bz2,18,8,6,12,63232,8.755
int_2.bz2,18,8,6,12,63232,0.379
mm_1.bz2,18,8,6,12,63232,3.578
mm_2.bz2,18,8,6,12,63232,8.425
fp_1.bz2,18,8,8,4,24320,1.422
fp_2.bz2,18,8,8,4,24320,20.163
int_1.bz2,18,8,8,4,24320,19.815
int_2.bz2,18,8,8,4,24320,0.778
mm_1.bz2,18,8,8,4,24320,13.583
mm_2.bz2,18,8,8,4,24320,17.679
fp_1.bz2,18,8,8,6,34048,1.338
fp_2.bz2,18,8,8,6,34048,7.280
int_1.bz2,18,8,8,6,34048,14.816
int_2.bz2,18,8,8,6,34048,0.576
mm_1.bz2,18,8,8,6,34048,6.601
mm_2.bz2,18,8,8,6,34048,12.930
fp_1.bz2,18,8,8,8,43776,0.869
fp_2.bz2,18,8,8,8,43776,1.641
int_1.bz2,18,8,8,8,43776,11.078
int_2.bz2,18,8,8,8,43776,0.487
mm_1.bz2,18,8,8,8,43776,4.418
mm_2.bz2,18,8,8,8,43776,10.682
fp_1.bz2,18,8,8,10,53504,0.869
fp_2.bz2,18,8,8,10,53504,1.113
int_1.bz2,18,8,8,10,53504,9.637
int_2.bz2,18,8,8,10,53504,0.488
mm_1.bz2,18,8,8,10,53504,3.878
mm_2.bz2,18,8,8,10,53504,10.598
fp_1.bz2,18,8,8,12,63232,0.869
fp_2.bz2,18,8,8,12,63232,1.113
int_1.bz2,18,8,8,12,63232,9.611
int_2.bz2,18,8,8,12,63232,0.488
mm_1.bz2,18,8,8,12,63232,3.878
mm_2.bz2,18,8,8,12,63232,10.598
fp_1.bz2,18,8,10,4,24320,1.422
fp_2.bz2,18,8,10,4,24320,20.163
int_1.bz2,18,8,10,4,24320,19.849
int_2.bz2,18,8,10,4,24320,0.807
mm_1.bz2,18,8,10,4,24320,13.588
mm_2.bz2,18,8,10,4,24320,22.502
fp_1.bz2,18,8,10,6,34048,1.338
fp_2.bz2,18,8,10,6,34048,20.163
int_1.bz2,18,8,10,6,34048,19.662
int_2.bz2,18,8,10,6,34048,0.787
mm_1.bz2,18,8,10,6,34048,13.279
mm_2.bz2,18,8,10,6,34048,20.034
fp_1.bz2,18,8,10,8,43776,1.338
fp_2.bz2,18,8,10,8,43776,7.214
int_1.bz2,18,8,10,8,43776,15.094
int_2.bz2,18,8,10,8,43776,0.653
mm_1.bz2,18,8,10,8,43776,6.882
mm_2.bz2,18,8,10,8,43776,15.755
fp_1.bz2,18,8,10,10,53504,0.997
fp_2.bz2,18,8,10,10,53504,1.915
int_1.bz2,18,8,10,10,53504,12.002
int_2.bz2,18,8,10,10,53504,0.625
mm_1.bz2,18,8,10,10,53504,5.120
mm_2.bz2,18,8,10,10,53504,14.147
fp_1.bz2,18,8,10,12,63232,0.997
fp_2.bz2,18,8,10,12,63232,1.454
int_1.bz2,18,8,10,12,63232,11.008
int_2.bz2,18,8,10,12,63232,0.625
mm_1.bz2,18,8,10,12,63232,4.721
mm_2.bz2,18,8,10,12,63232,14.126
fp_1.bz2,18,8,12,4,24320,1.422
fp_2.bz2,18,8,12,4,24320,20.163
int_1.bz2,18,8,12,4,24320,19.849
int_2.bz2,18,8,12,4,24320,0.807
mm_1.bz2,18,8,12,4,24320,13.588
mm_2.bz2,18,8,12,4,24320,22.895
fp_1.bz2,18,8,12,6,34048,1.338
fp_2.bz2,18,8,12,6,34048,20.163
int_1.bz2,18,8,12,6,34048,19.662
int_2.bz2,18,8,12,6,34048,0.797
mm_1.bz2,18,8,12,6,34048,13.279
mm_2.bz2,18,8,12,6,34048,22.280
fp_1.bz2,18,8,12,8,43776,1.338
fp_2.bz2,18,8,12,8,43776,20.163
int_1.bz2,18,8,12,8,43776,19.298
int_2.bz2,18,8,12,8,43776,0.785
mm_1.bz2,18,8,12,8,43776,12.686
mm_2.bz2,18,8,12,8,43776,21.609
fp_1.bz2,18,8,12,10,53504,1.338
fp_2.bz2,18,8,12,10,53504,6.981
int_1.bz2,18,8,12,10,53504,15.907
int_2.bz2,18,8,12,10,53504,0.728
mm_1.bz2,18,8,12,10,53504,8.379
mm_2.bz2,18,8,12,10,53504,19.618
fp_1.bz2,18,8,12,12,63232,1.337
fp_2.bz2,18,8,12,12,63232,2.972
int_1.bz2,18,8,12,12,63232,13.898
int_2.bz2,18,8,12,12,63232,0.723
mm_1.bz2,18,8,12,12,63232,6.875
mm_2.bz2,18,8,12,12,63232,19.098
fp_1.bz2,18,8,14,4,24320,1.422
fp_2.bz2,18,8,14,4,24320,20.163
int_1.bz2,18,8,14,4,24320,19.849
int_2.bz2,18,8,14,4,24320,0.807
mm_1.bz2,18,8,14,4,24320,13.588
mm_2.bz2,18,8,14,4,24320,22.895
fp_1.bz2,18,8,14,6,34048,1.338
fp_2.bz2,18,8,14,6,34048,20.163
int_1.bz2,18,8,14,6,34048,19.662
int_2.bz2,18,8,14,6,34048,0.797
mm_1.bz2,18,8,14,6,34048,13.279
mm_2.bz2,18,8,14,6,34048,22.310
fp_1.bz2,18,8,14,8,43776,1.338
fp_2.bz2,18,8,14,8,43776,20.163
int_1.bz2,18,8,14,8,43776,19.298
int_2.bz2,18,8,14,8,43776,0.786
mm_1.bz2,18,8,14,8,43776,12.686
mm_2.bz2,18,8,14,8,43776,22.324
fp_1.bz2,18,8,14,10,53504,1.338
fp_2.bz2,18,8,14,10,53504,20.163
int_1.bz2,18,8,14,10,53504,18.817
int_2.bz2,18,8,14,10,53504,0.786
mm_1.bz2,18,8,14,10,53504,11.761
mm_2.bz2,18,8,14,10,53504,22.293
fp_1.bz2,18,8,14,12,63232,1.338
fp_2.bz2,18,8,14,12,63232,7.086
int_1.bz2,18,8,14,12,63232,17.393
int_2.bz2,18,8,14,12,63232,0.774
mm_1.bz2,18,8,14,12,63232,10.266
mm_2.bz2,18,8,14,12,63232,21.973
fp_1.bz2,18,8,16,4,24320,1.422
fp_2.bz2,18,8,16,4,24320,20.163
int_1.bz2,18,8,16,4,24320,19.849
int_2.bz2,18,8,16,4,24320,0.807
mm_1.bz2,18,8,16,4,24320,13.588
mm_2.bz2,18,8,16,4,24320,22.895
fp_1.bz2,18,8,16,6,34048,1.338
fp_2.bz2,18,8,16,6,34048,20.163
int_1.bz2,18,8,16,6,34048,19.662
int_2.bz2,18,8,16,6,34048,0.797
mm_1.bz2,18,8,16,6,34048,13.279
mm_2.bz2,18,8,16,6,34048,22.310
fp_1.bz2,18,8,16,8,43776,1.338
fp_2.bz2,18,8,16,8,43776,20.163
int_1.bz2,18,8,16,8,43776,19.298
int_2.bz2,18,8,16,8,43776,0.786
mm_1.bz2,18,8,16,8,43776,12.686
mm_2.bz2,18,8,16,8,43776,22.324
fp_1.bz2,18,8,16,10,53504,1.338
fp_2.bz2,18,8,16,10,53504,20.163
int_1.bz2,18,8,16,10,53504,18.817
int_2.bz2,18,8,16,10,53504,0.786
mm_1.bz2,18,8,16,10,53504,11.761
mm_2.bz2,18,8,16,10,53504,22.340
fp_1.bz2,18,8,16,12,63232,1.338
fp_2.bz2,18,8,16,12,63232,20.163
int_1.bz2,18,8,16,12,63232,18.619
int_2.bz2,18,8,16,12,63232,0.786
mm_1.bz2,18,8,16,12,63232,11.155
mm_2.bz2,18,8,16,12,63232,22.509
fp_1.bz2,20,4,4,4,1680,1.357
fp_2.bz2,20,4,4,4,1680,3.860
int_1.bz2,20,4,4,4,1680,22.590
int_2.bz2,20,4,4,4,1680,0.732
mm_1.bz2,20,4,4,4,1680,13.079
mm_2.bz2,20,4,4,4,1680,14.809
fp_1.bz2,20,4,4,6,2352,0.966
fp_2.bz2,20,4,4,6,2352,1.129
int_1.bz2,20,4,4,6,2352,21.032
int_2.bz2,20,4,4,6,2352,0.577
mm_1.bz2,20,4,4,6,2352,9.842
mm_2.bz2,20,4,4,6,2352,14.220
fp_1.bz2,20,4,4,8,3024,0.966
fp_2.bz2,20,4,4,8,3024,1.003
int_1.bz2,20,4,4,8,3024,21.026
int_2.bz2,20,4,4,8,3024,0.575
mm_1.bz2,20,4,4,8,3024,9.671
mm_2.bz2,20,4,4,8,3024,14.220
fp_1.bz2,20,4,4,10,3696,0.966
fp_2.bz2,20,4,4,10,3696,1.003
int_1.bz2,20,4,4,10,3696,21.026
int_2.bz2,20,4,4,10,3696,0.575
mm_1.bz2,20,4,4,10,3696,9.671
mm_2.bz2,20,4,4,10,3696,14.220
fp_1.bz2,20,4,4,12,4368,0.966
fp_2.bz2,20,4,4,12,4368,1.003
int_1.bz2,20,4,4,12,4368,21.026
int_2.bz2,20,4,4,12,4368,0.575
mm_1.bz2,20,4,4,12,4368,9.671
mm_2.bz2,20,4,4,12,4368,14.220
fp_1.bz2,20,4,6,4,1680,2.385
fp_2.bz2,20,4,6,4,1680,11.728
int_1.bz2,20,4,6,4,1680,26.482
int_2.bz2,20,4,6,4,1680,1.181
mm_1.bz2,20,4,6,4,1680,19.564
mm_2.bz2,20,4,6,4,1680,19.025
fp_1.bz2,20,4,6,6,2352,1.181
fp_2.bz2,20,4,6,6,2352,2.911
int_1.bz2,20,4,6,6,2352,21.550
int_2.bz2,20,4,6,6,2352,0.743
mm_1.bz2,20,4,6,6,2352,11.460
mm_2.bz2,20,4,6,6,2352,15.894
fp_1.bz2,20,4,6,8,3024,0.988
fp_2.bz2,20,4,6,8,3024,1.135
int_1.bz2,20,4,6,8,3024,20.191
int_2.bz2,20,4,6,8,3024,0.655
mm_1.bz2,20,4,6,8,3024,9.469
mm_2.bz2,20,4,6,8,3024,15.868
fp_1.bz2,20,4,6,10,3696,0.988
fp_2.bz2,20,4,6,10,3696,1.075
int_1.bz2,20,4,6,10,3696,20.191
int_2.bz2,20,4,6,10,3696,0.655
mm_1.bz2,20,4,6,10,3696,9.411
mm_2.bz2,20,4,6,10,3696,15.868
fp_1.bz2,20,4,6,12,4368,0.988
fp_2.bz2,20,4,6,12,4368,1.075
int_1.bz2,20,4,6,12,4368,20.191
int_2.bz2,20,4,6,12,4368,0.655
mm_1.bz2,20,4,6,12,4368,9.411
mm_2.bz2,20,4,6,12,4368,15.868
fp_1.bz2,20,4,8,4,1680,2.494
fp_2.bz2,20,4,8,4,1680,31.842
int_1.bz2,20,4,8,4,1680,33.930
int_2.bz2,20,4,8,4,1680,1.697
mm_1.bz2,20,4,8,4,1680,32.476
mm_2.bz2,20,4,8,4,1680,25.106
fp_1.bz2,20,4,8,6,2352,2.317
fp_2.bz2,20,4,8,6,2352,10.604
int_1.bz2,20,4,8,6,2352,25.796
int_2.bz2,20,4,8,6,2352,1.192
mm_1.bz2,20,4,8,6,2352,19.562
mm_2.bz2,20,4,8,6,2352,21.058
fp_1.bz2,20,4,8,8,3024,1.310
fp_2.bz2,20,4,8,8,3024,2.759
int_1.bz2,20,4,8,8,3024,21.623
int_2.bz2,20,4,8,8,3024,0.862
mm_1.bz2,20,4,8,8,3024,11.349
mm_2.bz2,20,4,8,8,3024,19.127
fp_1.bz2,20,4,8,10,3696,1.132
fp_2.bz2,20,4,8,10,3696,1.432
int_1.bz2,20,4,8,10,3696,20.558
int_2.bz2,20,4,8,10,3696,0.848
mm_1.bz2,20,4,8,10,3696,9.917
mm_2.bz2,20,4,8,10,3696,19.170
fp_1.bz2,20,4,8,12,4368,1.132
fp_2.bz2,20,4,8,12,4368,1.374
int_1.bz2,20,4,8,12,4368,20.558
int_2.bz2,20,4,8,12,4368,0.848
mm_1.bz2,20,4,8,12,4368,9.917
mm_2.bz2,20,4,8,12,4368,19.170
fp_1.bz2,20,4,10,4,1680,2.546
fp_2.bz2,20,4,10,4,1680,31.851
int_1.bz2,20,4,10,4,1680,34.073
int_2.bz2,20,4,10,4,1680,1.762
mm_1.bz2,20,4,10,4,1680,32.484
mm_2.bz2,20,4,10,4,1680,31.035
fp_1.bz2,20,4,10,6,2352,2.516
fp_2.bz2,20,4,10,6,2352,31.838
int_1.bz2,20,4,10,6,2352,34.029
int_2.bz2,20,4,10,6,2352,1.710
mm_1.bz2,20,4,10,6,2352,32.400
mm_2.bz2,20,4,10,6,2352,27.354
fp_1.bz2,20,4,10,8,3024,2.381
fp_2.bz2,20,4,10,8,3024,10.163
int_1.bz2,20,4,10,8,3024,25.757
int_2.bz2,20,4,10,8,3024,1.255
mm_1.bz2,20,4,10,8,3024,19.482
mm_2.bz2,20,4,10,8,3024,24.124
fp_1.bz2,20,4,10,10,3696,1.738
fp_2.bz2,20,4,10,10,3696,3.048
int_1.bz2,20,4,10,10,3696,21.893
int_2.bz2,20,4,10,10,3696,1.103
mm_1.bz2,20,4,10,10,3696,12.043
mm_2.bz2,20,4,10,10,3696,22.134
fp_1.bz2,20,4,10,12,4368,1.667
fp_2.bz2,20,4,10,12,4368,2.171
int_1.bz2,20,4,10,12,4368,21.195
int_2.bz2,20,4,10,12,4368,1.092
mm_1.bz2,20,4,10,12,4368,11.051
mm_2.bz2,20,4,10,12,4368,22.117
fp_1.bz2,20,4,12,4,1680,2.546
fp_2.bz2,20,4,12,4,1680,31.851
int_1.bz2,20,4,12,4,1680,34.073
int_2.bz2,20,4,12,4,1680,1.785
mm_1.bz2,20,4,12,4,1680,32.484
mm_2.bz2,20,4,12,4,1680,34.353
fp_1.bz2,20,4,12,6,2352,2.546
fp_2.bz2,20,4,12,6,2352,31.844
int_1.bz2,20,4,12,6,2352,34.032
int_2.bz2,20,4,12,6,2352,1.770
mm_1.bz2,20,4,12,6,2352,32.405
mm_2.bz2,20,4,12,6,2352,33.540
fp_1.bz2,20,4,12,8,3024,2.523
fp_2.bz2,20,4,12,8,3024,31.816
int_1.bz2,20,4,12,8,3024,33.929
int_2.bz2,20,4,12,8,3024,1.716
mm_1.bz2,20,4,12,8,3024,32.086
mm_2.bz2,20,4,12,8,3024,29.733
fp_1.bz2,20,4,12,10,3696,2.470
fp_2.bz2,20,4,12,10,3696,9.960
int_1.bz2,20,4,12,10,3696,26.495
int_2.bz2,20,4,12,10,3696,1.402
mm_1.bz2,20,4,12,10,3696,19.491
mm_2.bz2,20,4,12,10,3696,27.065
fp_1.bz2,20,4,12,12,4368,2.429
fp_2.bz2,20,4,12,12,4368,4.489
int_1.bz2,20,4,12,12,4368,23.051
int_2.bz2,20,4,12,12,4368,1.331
mm_1.bz2,20,4,12,12,4368,13.916
mm_2.bz2,20,4,12,12,4368,25.445
fp_1.bz2,20,4,14,4,1680,2.546
fp_2.bz2,20,4,14,4,1680,31.851
int_1.bz2,20,4,14,4,1680,34.073
int_2.bz2,20,4,14,4,1680,1.785
mm_1.bz2,20,4,14,4,1680,32.484
mm_2.bz2,20,4,14,4,1680,34.569
fp_1.bz2,20,4,14,6,2352,2.546
fp_2.bz2,20,4,14,6,2352,31.844
int_1.bz2,20,4,14,6,2352,34.032
int_2.bz2,20,4,14,6,2352,1.770
mm_1.bz2,20,4,14,6,2352,32.405
mm_2.bz2,20,4,14,6,2352,34.421
fp_1.bz2,20,4,14,8,3024,2.546
fp_2.bz2,20,4,14,8,3024,31.816
int_1.bz2,20,4,14,8,3024,33.929
int_2.bz2,20,4,14,8,3024,1.728
mm_1.bz2,20,4,14,8,3024,32.086
mm_2.bz2,20,4,14,8,3024,34.230
fp_1.bz2,20,4,14,10,3696,2.546
fp_2.bz2,20,4,14,10,3696,31.709
int_1.bz2,20,4,14,10,3696,33.515
int_2.bz2,20,4,14,10,3696,1.725
mm_1.bz2,20,4,14,10,3696,30.904
mm_2.bz2,20,4,14,10,3696,32.225
fp_1.bz2,20,4,14,12,4368,2.546
fp_2.bz2,20,4,14,12,4368,10.263
int_1.bz2,20,4,14,12,4368,29.152
int_2.bz2,20,4,14,12,4368,1.558
mm_1.bz2,20,4,14,12,4368,20.345
mm_2.bz2,20,4,14,12,4368,30.885
fp_1.bz2,20,4,16,4,1680,2.546
fp_2.bz2,20,4,16,4,1680,31.851
int_1.bz2,20,4,16,4,1680,34.073
int_2.bz2,20,4,16,4,1680,1.785
mm_1.bz2,20,4,16,4,1680,32.484
mm_2.bz2,20,4,16,4,1680,34.569
fp_1.bz2,20,4,16,6,2352,2.546
fp_2.bz2,20,4,16,6,2352,31.844
int_1.bz2,20,4,16,6,2352,34.032
int_2.bz2,20,4,16,6,2352,1.770
mm_1.bz2,20,4,16,6,2352,32.405
mm_2.bz2,20,4,16,6,2352,34.421
fp_1.bz2,20,4,16,8,3024,2.546
fp_2.bz2,20,4,16,8,3024,31.816
int_1.bz2,20,4,16,8,3024,33.929
int_2.bz2,20,4,16,8,3024,1.728
mm_1.bz2,20,4,16,8,3024,32.086
mm_2.bz2,20,4,16,8,3024,34.230
fp_1.bz2,20,4,16,10,3696,2.546
fp_2.bz2,20,4,16,10,3696,31.709
int_1.bz2,20,4,16,10,3696,33.515
int_2.bz2,20,4,16,10,3696,1.725
mm_1.bz2,20,4,16,10,3696,30.904
mm_2.bz2,20,4,16,10,3696,34.109
fp_1.bz2,20,4,16,12,4368,2.546
fp_2.bz2,20,4,16,12,4368,31.277
int_1.bz2,20,4,16,12,4368,33.523
int_2.bz2,20,4,16,12,4368,1.758
mm_1.bz2,20,4,16,12,4368,26.470
mm_2.bz2,20,4,16,12,4368,33.898
fp_1.bz2,20,6,4,4,6720,1.087
fp_2.bz2,20,6,4,4,6720,2.033
int_1.bz2,20,6,4,4,6720,15.130
int_2.bz2,20,6,4,4,6720,0.403
mm_1.bz2,20,6,4,4,6720,6.512
mm_2.bz2,20,6,4,4,6720,10.485
fp_1.bz2,20,6,4,6,9408,0.839
fp_2.bz2,20,6,4,6,9408,0.972
int_1.bz2,20,6,4,6,9408,12.296
int_2.bz2,20,6,4,6,9408,0.368
mm_1.bz2,20,6,4,6,9408,3.862
mm_2.bz2,20,6,4,6,9408,10.180
fp_1.bz2,20,6,4,8,12096,0.839
fp_2.bz2,20,6,4,8,12096,0.971
int_1.bz2,20,6,4,8,12096,12.234
int_2.bz2,20,6,4,8,12096,0.361
mm_1.bz2,20,6,4,8,12096,3.450
mm_2.bz2,20,6,4,8,12096,10.181
fp_1.bz2,20,6,4,10,14784,0.839
fp_2.bz2,20,6,4,10,14784,0.971
int_1.bz2,20,6,4,10,14784,12.234
int_2.bz2,20,6,4,10,14784,0.361
mm_1.bz2,20,6,4,10,14784,3.450
mm_2.bz2,20,6,4,10,14784,10.181
fp_1.bz2,20,6,4,12,17472,0.839
fp_2.bz2,20,6,4,12,17472,0.971
int_1.bz2,20,6,4,12,17472,12.234
int_2.bz2,20,6,4,12,17472,0.361
mm_1.bz2,20,6,4,12,17472,3.450
mm_2.bz2,20,6,4,12,17472,10.181
fp_1.bz2,20,6,6,4,6720,1.664
fp_2.bz2,20,6,6,4,6720,5.806
int_1.bz2,20,6,6,4,6720,19.108
int_2.bz2,20,6,6,4,6720,0.714
mm_1.bz2,20,6,6,4,6720,11.638
mm_2.bz2,20,6,6,4,6720,14.572
fp_1.bz2,20,6,6,6,9408,0.966
fp_2.bz2,20,6,6,6,9408,1.546
int_1.bz2,20,6,6,6,9408,13.473
int_2.bz2,20,6,6,6,9408,0.439
mm_1.bz2,20,6,6,6,9408,5.436
mm_2.bz2,20,6,6,6,9408,11.936
fp_1.bz2,20,6,6,8,12096,0.860
fp_2.bz2,20,6,6,8,12096,1.001
int_1.bz2,20,6,6,8,12096,11.728
int_2.bz2,20,6,6,8,12096,0.422
mm_1.bz2,20,6,6,8,12096,3.782
mm_2.bz2,20,6,6,8,12096,11.804
fp_1.bz2,20,6,6,10,14784,0.860
fp_2.bz2,20,6,6,10,14784,1.001
int_1.bz2,20,6,6,10,14784,11.719
int_2.bz2,20,6,6,10,14784,0.422
mm_1.bz2,20,6,6,10,14784,3.631
mm_2.bz2,20,6,6,10,14784,11.804
fp_1.bz2,20,6,6,12,17472,0.860
fp_2.bz2,20,6,6,12,17472,1.001
int_1.bz2,20,6,6,12,17472,11.719
int_2.bz2,20,6,6,12,17472,0.422
mm_1.bz2,20,6,6,12,17472,3.631
mm_2.bz2,20,6,6,12,17472,11.804
fp_1.bz2,20,6,8,4,6720,1.863
fp_2.bz2,20,6,8,4,6720,21.642
int_1.bz2,20,6,8,4,6720,26.754
int_2.bz2,20,6,8,4,6720,1.121
mm_1.bz2,20,6,8,4,6720,23.427
mm_2.bz2,20,6,8,4,6720,21.584
fp_1.bz2,20,6,8,6,9408,1.635
fp_2.bz2,20,6,8,6,9408,5.120
int_1.bz2,20,6,8,6,9408,18.611
int_2.bz2,20,6,8,6,9408,0.735
mm_1.bz2,20,6,8,6,9408,10.997
mm_2.bz2,20,6,8,6,9408,17.010
fp_1.bz2,20,6,8,8,12096,0.978
fp_2.bz2,20,6,8,8,12096,1.642
int_1.bz2,20,6,8,8,12096,13.332
int_2.bz2,20,6,8,8,12096,0.606
mm_1.bz2,20,6,8,8,12096,5.655
mm_2.bz2,20,6,8,8,12096,14.420
fp_1.bz2,20,6,8,10,14784,0.928
fp_2.bz2,20,6,8,10,14784,1.120
int_1.bz2,20,6,8,10,14784,12.277
int_2.bz2,20,6,8,10,14784,0.606
mm_1.bz2,20,6,8,10,14784,4.289
mm_2.bz2,20,6,8,10,14784,14.313
fp_1.bz2,20,6,8,12,17472,0.928
fp_2.bz2,20,6,8,12,17472,1.120
int_1.bz2,20,6,8,12,17472,12.277
int_2.bz2,20,6,8,12,17472,0.606
mm_1.bz2,20,6,8,12,17472,4.289
mm_2.bz2,20,6,8,12,17472,14.313
fp_1.bz2,20,6,10,4,6720,1.863
fp_2.bz2,20,6,10,4,6720,21.642
int_1.bz2,20,6,10,4,6720,27.506
int_2.bz2,20,6,10,4,6720,1.178
mm_1.bz2,20,6,10,4,6720,23.432
mm_2.bz2,20,6,10,4,6720,28.840
fp_1.bz2,20,6,10,6,9408,1.863
fp_2.bz2,20,6,10,6,9408,21.642
int_1.bz2,20,6,10,6,9408,26.892
int_2.bz2,20,6,10,6,9408,1.132
mm_1.bz2,20,6,10,6,9408,23.081
mm_2.bz2,20,6,10,6,9408,24.203
fp_1.bz2,20,6,10,8,12096,1.616
fp_2.bz2,20,6,10,8,12096,5.280
int_1.bz2,20,6,10,8,12096,18.798
int_2.bz2,20,6,10,8,12096,0.835
mm_1.bz2,20,6,10,8,12096,11.251
mm_2.bz2,20,6,10,8,12096,20.052
fp_1.bz2,20,6,10,10,14784,1.146
fp_2.bz2,20,6,10,10,14784,1.963
int_1.bz2,20,6,10,10,14784,14.293
int_2.bz2,20,6,10,10,14784,0.782
mm_1.bz2,20,6,10,10,14784,6.624
mm_2.bz2,20,6,10,10,14784,17.545
fp_1.bz2,20,6,10,12,17472,1.147
fp_2.bz2,20,6,10,12,17472,1.475
int_1.bz2,20,6,10,12,17472,13.749
int_2.bz2,20,6,10,12,17472,0.782
mm_1.bz2,20,6,10,12,17472,5.721
mm_2.bz2,20,6,10,12,17472,17.518
fp_1.bz2,20,6,12,4,6720,1.863
fp_2.bz2,20,6,12,4,6720,21.642
int_1.bz2,20,6,12,4,6720,27.506
int_2.bz2,20,6,12,4,6720,1.178
mm_1.bz2,20,6,12,4,6720,23.432
mm_2.bz2,20,6,12,4,6720,31.460
fp_1.bz2,20,6,12,6,9408,1.863
fp_2.bz2,20,6,12,6,9408,21.642
int_1.bz2,20,6,12,6,9408,27.282
int_2.bz2,20,6,12,6,9408,1.165
mm_1.bz2,20,6,12,6,9408,23.081
mm_2.bz2,20,6,12,6,9408,30.264
fp_1.bz2,20,6,12,8,12096,1.782
fp_2.bz2,20,6,12,8,12096,21.642
int_1.bz2,20,6,12,8,12096,26.750
int_2.bz2,20,6,12,8,12096,1.141
mm_1.bz2,20,6,12,8,12096,22.211
mm_2.bz2,20,6,12,8,12096,27.650
fp_1.bz2,20,6,12,10,14784,1.730
fp_2.bz2,20,6,12,10,14784,5.751
int_1.bz2,20,6,12,10,14784,20.023
int_2.bz2,20,6,12,10,14784,0.963
mm_1.bz2,20,6,12,10,14784,12.596
mm_2.bz2,20,6,12,10,14784,24.030
fp_1.bz2,20,6,12,12,17472,1.591
fp_2.bz2,20,6,12,12,17472,2.970
int_1.bz2,20,6,12,12,17472,16.882
int_2.bz2,20,6,12,12,17472,0.947
mm_1.bz2,20,6,12,12,17472,9.386
mm_2.bz2,20,6,12,12,17472,22.874
fp_1.bz2,20,6,14,4,6720,1.863
fp_2.bz2,20,6,14,4,6720,21.642
int_1.bz2,20,6,14,4,6720,27.506
int_2.bz2,20,6,14,4,6720,1.178
mm_1.bz2,20,6,14,4,6720,23.432
mm_2.bz2,20,6,14,4,6720,31.637
fp_1.bz2,20,6,14,6,9408,1.863
fp_2.bz2,20,6,14,6,9408,21.642
int_1.bz2,20,6,14,6,9408,27.282
int_2.bz2,20,6,14,6,9408,1.165
mm_1.bz2,20,6,14,6,9408,23.081
mm_2.bz2,20,6,14,6,9408,30.908
fp_1.bz2,20,6,14,8,12096,1.782
fp_2.bz2,20,6,14,8,12096,21.642
int_1.bz2,20,6,14,8,12096,26.833
int_2.bz2,20,6,14,8,12096,1.151
mm_1.bz2,20,6,14,8,12096,22.211
mm_2.bz2,20,6,14,8,12096,30.521
fp_1.bz2,20,6,14,10,14784,1.782
fp_2.bz2,20,6,14,10,14784,21.365
int_1.bz2,20,6,14,10,14784,26.588
int_2.bz2,20,6,14,10,14784,1.149
mm_1.bz2,20,6,14,10,14784,20.840
mm_2.bz2,20,6,14,10,14784,29.704
fp_1.bz2,20,6,14,12,17472,1.782
fp_2.bz2,20,6,14,12,17472,7.023
int_1.bz2,20,6,14,12,17472,22.954
int_2.bz2,20,6,14,12,17472,1.115
mm_1.bz2,20,6,14,12,17472,16.236
mm_2.bz2,20,6,14,12,17472,28.370
fp_1.bz2,20,6,16,4,6720,1.863
fp_2.bz2,20,6,16,4,6720,21.642
int_1.bz2,20,6,16,4,6720,27.506
int_2.bz2,20,6,16,4,6720,1.178
mm_1.bz2,20,6,16,4,6720,23.432
mm_2.bz2,20,6,16,4,6720,31.637
fp_1.bz2,20,6,16,6,9408,1.863
fp_2.bz2,20,6,16,6,9408,21.642
int_1.bz2,20,6,16,6,9408,27.282
int_2.bz2,20,6,16,6,9408,1.165
mm_1.bz2,20,6,16,6,9408,23.081
mm_2.bz2,20,6,16,6,9408,30.908
fp_1.bz2,20,6,16,8,12096,1.782
fp_2.bz2,20,6,16,8,12096,21.642
int_1.bz2,20,6,16,8,12096,26.833
int_2.bz2,20,6,16,8,12096,1.151
mm_1.bz2,20,6,16,8,12096,22.211
mm_2.bz2,20,6,16,8,12096,30.521
fp_1.bz2,20,6,16,10,14784,1.782
fp_2.bz2,20,6,16,10,14784,21.365
int_1.bz2,20,6,16,10,14784,26.588
int_2.bz2,20,6,16,10,14784,1.149
mm_1.bz2,20,6,16,10,14784,20.840
mm_2.bz2,20,6,16,10,14784,30.858
fp_1.bz2,20,6,16,12,17472,1.782
fp_2.bz2,20,6,16,12,17472,21.272
int_1.bz2,20,6,16,12,17472,26.241
int_2.bz2,20,6,16,12,17472,1.149
mm_1.bz2,20,6,16,12,17472,20.584
mm_2.bz2,20,6,16,12,17472,30.939
fp_1.bz2,20,8,4,4,26880,0.945
fp_2.bz2,20,8,4,4,26880,1.916
int_1.bz2,20,8,4,4,26880,11.881
int_2.bz2,20,8,4,4,26880,0.345
mm_1.bz2,20,8,4,4,26880,4.408
mm_2.bz2,20,8,4,4,26880,7.751
fp_1.bz2,20,8,4,6,37632,0.825
fp_2.bz2,20,8,4,6,37632,0.969
int_1.bz2,20,8,4,6,37632,9.044
int_2.bz2,20,8,4,6,37632,0.328
mm_1.bz2,20,8,4,6,37632,3.250
mm_2.bz2,20,8,4,6,37632,7.364
fp_1.bz2,20,8,4,8,48384,0.825
fp_2.bz2,20,8,4,8,48384,0.969
int_1.bz2,20,8,4,8,48384,8.887
int_2.bz2,20,8,4,8,48384,0.328
mm_1.bz2,20,8,4,8,48384,3.157
mm_2.bz2,20,8,4,8,48384,7.365
fp_1.bz2,20,8,4,10,59136,0.825
fp_2.bz2,20,8,4,10,59136,0.969
int_1.bz2,20,8,4,10,59136,8.887
int_2.bz2,20,8,4,10,59136,0.328
mm_1.bz2,20,8,4,10,59136,3.157
mm_2.bz2,20,8,4,10,59136,7.365
fp_1.bz2,20,8,6,4,26880,1.353
fp_2.bz2,20,8,6,4,26880,5.766
int_1.bz2,20,8,6,4,26880,14.608
int_2.bz2,20,8,6,4,26880,0.532
mm_1.bz2,20,8,6,4,26880,6.584
mm_2.bz2,20,8,6,4,26880,10.791
fp_1.bz2,20,8,6,6,37632,0.833
fp_2.bz2,20,8,6,6,37632,1.373
int_1.bz2,20,8,6,6,37632,10.291
int_2.bz2,20,8,6,6,37632,0.363
mm_1.bz2,20,8,6,6,37632,4.044
mm_2.bz2,20,8,6,6,37632,8.425
fp_1.bz2,20,8,6,8,48384,0.833
fp_2.bz2,20,8,6,8,48384,0.993
int_1.bz2,20,8,6,8,48384,8.586
int_2.bz2,20,8,6,8,48384,0.361
mm_1.bz2,20,8,6,8,48384,3.035
mm_2.bz2,20,8,6,8,48384,8.248
fp_1.bz2,20,8,6,10,59136,0.833
fp_2.bz2,20,8,6,10,59136,0.993
int_1.bz2,20,8,6,10,59136,8.538
int_2.bz2,20,8,6,10,59136,0.361
mm_1.bz2,20,8,6,10,59136,3.035
mm_2.bz2,20,8,6,10,59136,8.248
fp_1.bz2,20,8,8,4,26880,1.422
fp_2.bz2,20,8,8,4,26880,20.163
int_1.bz2,20,8,8,4,26880,19.780
int_2.bz2,20,8,8,4,26880,0.771
mm_1.bz2,20,8,8,4,26880,13.548
mm_2.bz2,20,8,8,4,26880,17.301
fp_1.bz2,20,8,8,6,37632,1.263
fp_2.bz2,20,8,8,6,37632,4.520
int_1.bz2,20,8,8,6,37632,14.540
int_2.bz2,20,8,8,6,37632,0.555
mm_1.bz2,20,8,8,6,37632,6.585
mm_2.bz2,20,8,8,6,37632,12.443
fp_1.bz2,20,8,8,8,48384,0.856
fp_2.bz2,20,8,8,8,48384,1.463
int_1.bz2,20,8,8,8,48384,10.344
int_2.bz2,20,8,8,8,48384,0.466
mm_1.bz2,20,8,8,8,48384,4.226
mm_2.bz2,20,8,8,8,48384,10.418
fp_1.bz2,20,8,8,10,59136,0.856
fp_2.bz2,20,8,8,10,59136,1.097
int_1.bz2,20,8,8,10,59136,9.259
int_2.bz2,20,8,8,10,59136,0.467
mm_1.bz2,20,8,8,10,59136,3.395
mm_2.bz2,20,8,8,10,59136,10.340
fp_1.bz2,20,8,10,4,26880,1.422
fp_2.bz2,20,8,10,4,26880,20.163
int_1.bz2,20,8,10,4,26880,19.836
int_2.bz2,20,8,10,4,26880,0.805
mm_1.bz2,20,8,10,4,26880,13.552
mm_2.bz2,20,8,10,4,26880,22.384
fp_1.bz2,20,8,10,6,37632,1.339
fp_2.bz2,20,8,10,6,37632,20.163
int_1.bz2,20,8,10,6,37632,19.652
int_2.bz2,20,8,10,6,37632,0.777
mm_1.bz2,20,8,10,6,37632,13.238
mm_2.bz2,20,8,10,6,37632,19.802
fp_1.bz2,20,8,10,8,48384,1.287
fp_2.bz2,20,8,10,8,48384,4.702
int_1.bz2,20,8,10,8,48384,14.895
int_2.bz2,20,8,10,8,48384,0.640
mm_1.bz2,20,8,10,8,48384,6.855
mm_2.bz2,20,8,10,8,48384,15.271
fp_1.bz2,20,8,10,10,59136,0.946
fp_2.bz2,20,8,10,10,59136,1.787
int_1.bz2,20,8,10,10,59136,11.215
int_2.bz2,20,8,10,10,59136,0.609
mm_1.bz2,20,8,10,10,59136,4.855
mm_2.bz2,20,8,10,10,59136,13.876
fp_1.bz2,20,8,12,4,26880,1.422
fp_2.bz2,20,8,12,4,26880,20.163
int_1.bz2,20,8,12,4,26880,19.836
int_2.bz2,20,8,12,4,26880,0.805
mm_1.bz2,20,8,12,4,26880,13.552
mm_2.bz2,20,8,12,4,26880,22.814
fp_1.bz2,20,8,12,6,37632,1.339
fp_2.bz2,20,8,12,6,37632,20.163
int_1.bz2,20,8,12,6,37632,19.654
int_2.bz2,20,8,12,6,37632,0.792
mm_1.bz2,20,8,12,6,37632,13.238
mm_2.bz2,20,8,12,6,37632,22.213
fp_1.bz2,20,8,12,8,48384,1.339
fp_2.bz2,20,8,12,8,48384,20.163
int_1.bz2,20,8,12,8,48384,19.316
int_2.bz2,20,8,12,8,48384,0.778
mm_1.bz2,20,8,12,8,48384,12.646
mm_2.bz2,20,8,12,8,48384,21.531
fp_1.bz2,20,8,12,10,59136,1.339
fp_2.bz2,20,8,12,10,59136,5.196
int_1.bz2,20,8,12,10,59136,15.686
int_2.bz2,20,8,12,10,59136,0.723
mm_1.bz2,20,8,12,10,59136,7.870
mm_2.bz2,20,8,12,10,59136,19.366
fp_1.bz2,20,8,14,4,26880,1.422
fp_2.bz2,20,8,14,4,26880,20.163
int_1.bz2,20,8,14,4,26880,19.836
int_2.bz2,20,8,14,4,26880,0.805
mm_1.bz2,20,8,14,4,26880,13.552
mm_2.bz2,20,8,14,4,26880,22.814
fp_1.bz2,20,8,14,6,37632,1.339
fp_2.bz2,20,8,14,6,37632,20.163
int_1.bz2,20,8,14,6,37632,19.654
int_2.bz2,20,8,14,6,37632,0.792
mm_1.bz2,20,8,14,6,37632,13.238
mm_2.bz2,20,8,14,6,37632,22.256
fp_1.bz2,20,8,14,8,48384,1.339
fp_2.bz2,20,8,14,8,48384,20.163
int_1.bz2,20,8,14,8,48384,19.316
int_2.bz2,20,8,14,8,48384,0.781
mm_1.bz2,20,8,14,8,48384,12.646
mm_2.bz2,20,8,14,8,48384,22.337
fp_1.bz2,20,8,14,10,59136,1.339
fp_2.bz2,20,8,14,10,59136,20.163
int_1.bz2,20,8,14,10,59136,18.838
int_2.bz2,20,8,14,10,59136,0.784
mm_1.bz2,20,8,14,10,59136,11.855
mm_2.bz2,20,8,14,10,59136,22.282
fp_1.bz2,20,8,16,4,26880,1.422
fp_2.bz2,20,8,16,4,26880,20.163
int_1.bz2,20,8,16,4,26880,19.836
int_2.bz2,20,8,16,4,26880,0.805
mm_1.bz2,20,8,16,4,26880,13.552
mm_2.bz2,20,8,16,4,26880,22.814
fp_1.bz2,20,8,16,6,37632,1.339
fp_2.bz2,20,8,16,6,37632,20.163
int_1.bz2,20,8,16,6,37632,19.654
int_2.bz2,20,8,16,6,37632,0.792
mm_1.bz2,20,8,16,6,37632,13.238
mm_2.bz2,20,8,16,6,37632,22.256
fp_1.bz2,20,8,16,8,48384,1.339
fp_2.bz2,20,8,16,8,48384,20.163
int_1.bz2,20,8,16,8,48384,19.316
int_2.bz2,20,8,16,8,48384,0.781
mm_1.bz2,20,8,16,8,48384,12.646
mm_2.bz2,20,8,16,8,48384,22.337
fp_1.bz2,20,8,16,10,59136,1.339
fp_2.bz2,20,8,16,10,59136,20.163
int_1.bz2,20,8,16,10,59136,18.838
int_2.bz2,20,8,16,10,59136,0.784
mm_1.bz2,20,8,16,10,59136,11.855
mm_2.bz2,20,8,16,10,59136,22.356
fp_1.bz2,22,4,4,4,1840,1.413
fp_2.bz2,22,4,4,4,1840,3.104
int_1.bz2,22,4,4,4,1840,22.083
int_2.bz2,22,4,4,4,1840,0.688
mm_1.bz2,22,4,4,4,1840,13.236
mm_2.bz2,22,4,4,4,1840,14.657
fp_1.bz2,22,4,4,6,2576,0.970
fp_2.bz2,22,4,4,6,2576,1.091
int_1.bz2,22,4,4,6,2576,20.609
int_2.bz2,22,4,4,6,2576,0.559
mm_1.bz2,22,4,4,6,2576,9.435
mm_2.bz2,22,4,4,6,2576,14.028
fp_1.bz2,22,4,4,8,3312,0.970
fp_2.bz2,22,4,4,8,3312,1.009
int_1.bz2,22,4,4,8,3312,20.606
int_2.bz2,22,4,4,8,3312,0.559
mm_1.bz2,22,4,4,8,3312,9.129
mm_2.bz2,22,4,4,8,3312,14.030
fp_1.bz2,22,4,4,10,4048,0.970
fp_2.bz2,22,4,4,10,4048,1.009
int_1.bz2,22,4,4,10,4048,20.606
int_2.bz2,22,4,4,10,4048,0.559
mm_1.bz2,22,4,4,10,4048,9.129
mm_2.bz2,22,4,4,10,4048,14.030
fp_1.bz2,22,4,4,12,4784,0.970
fp_2.bz2,22,4,4,12,4784,1.009
int_1.bz2,22,4,4,12,4784,20.606
int_2.bz2,22,4,4,12,4784,0.559
mm_1.bz2,22,4,4,12,4784,9.129
mm_2.bz2,22,4,4,12,4784,14.030
fp_1.bz2,22,4,6,4,1840,2.385
fp_2.bz2,22,4,6,4,1840,10.103
int_1.bz2,22,4,6,4,1840,25.852
int_2.bz2,22,4,6,4,1840,1.147
mm_1.bz2,22,4,6,4,1840,19.341
mm_2.bz2,22,4,6,4,1840,18.749
fp_1.bz2,22,4,6,6,2576,1.254
fp_2.bz2,22,4,6,6,2576,2.284
int_1.bz2,22,4,6,6,2576,20.663
int_2.bz2,22,4,6,6,2576,0.698
mm_1.bz2,22,4,6,6,2576,10.763
mm_2.bz2,22,4,6,6,2576,15.657
fp_1.bz2,22,4,6,8,3312,0.996
fp_2.bz2,22,4,6,8,3312,1.131
int_1.bz2,22,4,6,8,3312,19.659
int_2.bz2,22,4,6,8,3312,0.643
mm_1.bz2,22,4,6,8,3312,8.856
mm_2.bz2,22,4,6,8,3312,15.628
fp_1.bz2,22,4,6,10,4048,0.996
fp_2.bz2,22,4,6,10,4048,1.075
int_1.bz2,22,4,6,10,4048,19.659
int_2.bz2,22,4,6,10,4048,0.643
mm_1.bz2,22,4,6,10,4048,8.780
mm_2.bz2,22,4,6,10,4048,15.628
fp_1.bz2,22,4,6,12,4784,0.996
fp_2.bz2,22,4,6,12,4784,1.075
int_1.bz2,22,4,6,12,4784,19.659
int_2.bz2,22,4,6,12,4784,0.643
mm_1.bz2,22,4,6,12,4784,8.780
mm_2.bz2,22,4,6,12,4784,15.628
fp_1.bz2,22,4,8,4,1840,2.492
fp_2.bz2,22,4,8,4,1840,31.842
int_1.bz2,22,4,8,4,1840,33.862
int_2.bz2,22,4,8,4,1840,1.687
mm_1.bz2,22,4,8,4,1840,32.476
mm_2.bz2,22,4,8,4,1840,24.826
fp_1.bz2,22,4,8,6,2576,2.326
fp_2.bz2,22,4,8,6,2576,9.868
int_1.bz2,22,4,8,6,2576,25.295
int_2.bz2,22,4,8,6,2576,1.152
mm_1.bz2,22,4,8,6,2576,18.817
mm_2.bz2,22,4,8,6,2576,20.759
fp_1.bz2,22,4,8,8,3312,1.334
fp_2.bz2,22,4,8,8,3312,2.599
int_1.bz2,22,4,8,8,3312,20.503
int_2.bz2,22,4,8,8,3312,0.836
mm_1.bz2,22,4,8,8,3312,10.929
mm_2.bz2,22,4,8,8,3312,18.863
fp_1.bz2,22,4,8,10,4048,1.129
fp_2.bz2,22,4,8,10,4048,1.425
int_1.bz2,22,4,8,10,4048,19.922
int_2.bz2,22,4,8,10,4048,0.833
mm_1.bz2,22,4,8,10,4048,9.619
mm_2.bz2,22,4,8,10,4048,18.899
fp_1.bz2,22,4,8,12,4784,1.129
fp_2.bz2,22,4,8,12,4784,1.381
int_1.bz2,22,4,8,12,4784,19.922
int_2.bz2,22,4,8,12,4784,0.833
mm_1.bz2,22,4,8,12,4784,9.621
mm_2.bz2,22,4,8,12,4784,18.899
fp_1.bz2,22,4,10,4,1840,2.546
fp_2.bz2,22,4,10,4,1840,31.852
int_1.bz2,22,4,10,4,1840,34.072
int_2.bz2,22,4,10,4,1840,1.760
mm_1.bz2,22,4,10,4,1840,32.484
mm_2.bz2,22,4,10,4,1840,30.882
fp_1.bz2,22,4,10,6,2576,2.508
fp_2.bz2,22,4,10,6,2576,31.839
int_1.bz2,22,4,10,6,2576,34.016
int_2.bz2,22,4,10,6,2576,1.694
mm_1.bz2,22,4,10,6,2576,32.409
mm_2.bz2,22,4,10,6,2576,27.084
fp_1.bz2,22,4,10,8,3312,2.357
fp_2.bz2,22,4,10,8,3312,9.689
int_1.bz2,22,4,10,8,3312,25.294
int_2.bz2,22,4,10,8,3312,1.224
mm_1.bz2,22,4,10,8,3312,18.364
mm_2.bz2,22,4,10,8,3312,23.868
fp_1.bz2,22,4,10,10,4048,1.686
fp_2.bz2,22,4,10,10,4048,2.855
int_1.bz2,22,4,10,10,4048,21.184
int_2.bz2,22,4,10,10,4048,1.087
mm_1.bz2,22,4,10,10,4048,11.502
mm_2.bz2,22,4,10,10,4048,21.961
fp_1.bz2,22,4,10,12,4784,1.641
fp_2.bz2,22,4,10,12,4784,2.123
int_1.bz2,22,4,10,12,4784,20.628
int_2.bz2,22,4,10,12,4784,1.088
mm_1.bz2,22,4,10,12,4784,10.812
mm_2.bz2,22,4,10,12,4784,21.947
fp_1.bz2,22,4,12,4,1840,2.546
fp_2.bz2,22,4,12,4,1840,31.852
int_1.bz2,22,4,12,4,1840,34.072
int_2.bz2,22,4,12,4,1840,1.783
mm_1.bz2,22,4,12,4,1840,32.484
mm_2.bz2,22,4,12,4,1840,34.322
fp_1.bz2,22,4,12,6,2576,2.546
fp_2.bz2,22,4,12,6,2576,31.845
int_1.bz2,22,4,12,6,2576,34.031
int_2.bz2,22,4,12,6,2576,1.766
mm_1.bz2,22,4,12,6,2576,32.415
mm_2.bz2,22,4,12,6,2576,33.369
fp_1.bz2,22,4,12,8,3312,2.519
fp_2.bz2,22,4,12,8,3312,31.820
int_1.bz2,22,4,12,8,3312,33.900
int_2.bz2,22,4,12,8,3312,1.713
mm_1.bz2,22,4,12,8,3312,32.126
mm_2.bz2,22,4,12,8,3312,29.592
fp_1.bz2,22,4,12,10,4048,2.463
fp_2.bz2,22,4,12,10,4048,9.792
int_1.bz2,22,4,12,10,4048,25.994
int_2.bz2,22,4,12,10,4048,1.370
mm_1.bz2,22,4,12,10,4048,18.741
mm_2.bz2,22,4,12,10,4048,26.772
fp_1.bz2,22,4,12,12,4784,2.411
fp_2.bz2,22,4,12,12,4784,4.051
int_1.bz2,22,4,12,12,4784,22.614
int_2.bz2,22,4,12,12,4784,1.311
mm_1.bz2,22,4,12,12,4784,13.421
mm_2.bz2,22,4,12,12,4784,25.246
fp_1.bz2,22,4,14,4,1840,2.546
fp_2.bz2,22,4,14,4,1840,31.852
int_1.bz2,22,4,14,4,1840,34.072
int_2.bz2,22,4,14,4,1840,1.783
mm_1.bz2,22,4,14,4,1840,32.484
mm_2.bz2,22,4,14,4,1840,34.555
fp_1.bz2,22,4,14,6,2576,2.546
fp_2.bz2,22,4,14,6,2576,31.845
int_1.bz2,22,4,14,6,2576,34.031
int_2.bz2,22,4,14,6,2576,1.766
mm_1.bz2,22,4,14,6,2576,32.415
mm_2.bz2,22,4,14,6,2576,34.401
fp_1.bz2,22,4,14,8,3312,2.546
fp_2.bz2,22,4,14,8,3312,31.820
int_1.bz2,22,4,14,8,3312,33.912
int_2.bz2,22,4,14,8,3312,1.730
mm_1.bz2,22,4,14,8,3312,32.126
mm_2.bz2,22,4,14,8,3312,34.209
fp_1.bz2,22,4,14,10,4048,2.546
fp_2.bz2,22,4,14,10,4048,31.722
int_1.bz2,22,4,14,10,4048,33.420
int_2.bz2,22,4,14,10,4048,1.730
mm_1.bz2,22,4,14,10,4048,31.037
mm_2.bz2,22,4,14,10,4048,32.244
fp_1.bz2,22,4,14,12,4784,2.546
fp_2.bz2,22,4,14,12,4784,9.558
int_1.bz2,22,4,14,12,4784,28.456
int_2.bz2,22,4,14,12,4784,1.539
mm_1.bz2,22,4,14,12,4784,19.921
mm_2.bz2,22,4,14,12,4784,30.728
fp_1.bz2,22,4,16,4,1840,2.546
fp_2.bz2,22,4,16,4,1840,31.852
int_1.bz2,22,4,16,4,1840,34.072
int_2.bz2,22,4,16,4,1840,1.783
mm_1.bz2,22,4,16,4,1840,32.484
mm_2.bz2,22,4,16,4,1840,34.555
fp_1.bz2,22,4,16,6,2576,2.546
fp_2.bz2,22,4,16,6,2576,31.845
int_1.bz2,22,4,16,6,2576,34.031
int_2.bz2,22,4,16,6,2576,1.766
mm_1.bz2,22,4,16,6,2576,32.415
mm_2.bz2,22,4,16,6,2576,34.401
fp_1.bz2,22,4,16,8,3312,2.546
fp_2.bz2,22,4,16,8,3312,31.820
int_1.bz2,22,4,16,8,3312,33.912
int_2.bz2,22,4,16,8,3312,1.730
mm_1.bz2,22,4,16,8,3312,32.126
mm_2.bz2,22,4,16,8,3312,34.209
fp_1.bz2,22,4,16,10,4048,2.546
fp_2.bz2,22,4,16,10,4048,31.722
int_1.bz2,22,4,16,10,4048,33.429
int_2.bz2,22,4,16,10,4048,1.730
mm_1.bz2,22,4,16,10,4048,31.037
mm_2.bz2,22,4,16,10,4048,34.098
fp_1.bz2,22,4,16,12,4784,2.546
fp_2.bz2,22,4,16,12,4784,31.331
int_1.bz2,22,4,16,12,4784,33.245
int_2.bz2,22,4,16,12,4784,1.759
mm_1.bz2,22,4,16,12,4784,26.847
mm_2.bz2,22,4,16,12,4784,33.915
fp_1.bz2,22,6,4,4,7360,1.111
fp_2.bz2,22,6,4,4,7360,1.894
int_1.bz2,22,6,4,4,7360,14.411
int_2.bz2,22,6,4,4,7360,0.402
mm_1.bz2,22,6,4,4,7360,5.983
mm_2.bz2,22,6,4,4,7360,10.420
fp_1.bz2,22,6,4,6,10304,0.839
fp_2.bz2,22,6,4,6,10304,0.979
int_1.bz2,22,6,4,6,10304,12.123
int_2.bz2,22,6,4,6,10304,0.372
mm_1.bz2,22,6,4,6,10304,3.296
mm_2.bz2,22,6,4,6,10304,10.120
fp_1.bz2,22,6,4,8,13248,0.839
fp_2.bz2,22,6,4,8,13248,0.973
int_1.bz2,22,6,4,8,13248,12.054
int_2.bz2,22,6,4,8,13248,0.373
mm_1.bz2,22,6,4,8,13248,2.775
mm_2.bz2,22,6,4,8,13248,10.120
fp_1.bz2,22,6,4,10,16192,0.839
fp_2.bz2,22,6,4,10,16192,0.973
int_1.bz2,22,6,4,10,16192,12.054
int_2.bz2,22,6,4,10,16192,0.373
mm_1.bz2,22,6,4,10,16192,2.775
mm_2.bz2,22,6,4,10,16192,10.120
fp_1.bz2,22,6,4,12,19136,0.839
fp_2.bz2,22,6,4,12,19136,0.973
int_1.bz2,22,6,4,12,19136,12.054
int_2.bz2,22,6,4,12,19136,0.373
mm_1.bz2,22,6,4,12,19136,2.775
mm_2.bz2,22,6,4,12,19136,10.120
fp_1.bz2,22,6,6,4,7360,1.579
fp_2.bz2,22,6,6,4,7360,4.497
int_1.bz2,22,6,6,4,7360,18.419
int_2.bz2,22,6,6,4,7360,0.694
mm_1.bz2,22,6,6,4,7360,11.087
mm_2.bz2,22,6,6,4,7360,14.275
fp_1.bz2,22,6,6,6,10304,0.969
fp_2.bz2,22,6,6,6,10304,1.376
int_1.bz2,22,6,6,6,10304,12.875
int_2.bz2,22,6,6,6,10304,0.425
mm_1.bz2,22,6,6,6,10304,5.108
mm_2.bz2,22,6,6,6,10304,11.735
fp_1.bz2,22,6,6,8,13248,0.859
fp_2.bz2,22,6,6,8,13248,0.998
int_1.bz2,22,6,6,8,13248,11.423
int_2.bz2,22,6,6,8,13248,0.415
mm_1.bz2,22,6,6,8,13248,3.300
mm_2.bz2,22,6,6,8,13248,11.624
fp_1.bz2,22,6,6,10,16192,0.859
fp_2.bz2,22,6,6,10,16192,0.998
int_1.bz2,22,6,6,10,16192,11.410
int_2.bz2,22,6,6,10,16192,0.415
mm_1.bz2,22,6,6,10,16192,3.175
mm_2.bz2,22,6,6,10,16192,11.624
fp_1.bz2,22,6,6,12,19136,0.859
fp_2.bz2,22,6,6,12,19136,0.998
int_1.bz2,22,6,6,12,19136,11.410
int_2.bz2,22,6,6,12,19136,0.415
mm_1.bz2,22,6,6,12,19136,3.175
mm_2.bz2,22,6,6,12,19136,11.624
fp_1.bz2,22,6,8,4,7360,1.863
fp_2.bz2,22,6,8,4,7360,21.642
int_1.bz2,22,6,8,4,7360,26.603
int_2.bz2,22,6,8,4,7360,1.113
mm_1.bz2,22,6,8,4,7360,23.364
mm_2.bz2,22,6,8,4,7360,21.242
fp_1.bz2,22,6,8,6,10304,1.544
fp_2.bz2,22,6,8,6,10304,4.373
int_1.bz2,22,6,8,6,10304,17.980
int_2.bz2,22,6,8,6,10304,0.716
mm_1.bz2,22,6,8,6,10304,9.991
mm_2.bz2,22,6,8,6,10304,16.684
fp_1.bz2,22,6,8,8,13248,0.976
fp_2.bz2,22,6,8,8,13248,1.607
int_1.bz2,22,6,8,8,13248,13.037
int_2.bz2,22,6,8,8,13248,0.592
mm_1.bz2,22,6,8,8,13248,5.241
mm_2.bz2,22,6,8,8,13248,14.202
fp_1.bz2,22,6,8,10,16192,0.926
fp_2.bz2,22,6,8,10,16192,1.109
int_1.bz2,22,6,8,10,16192,12.029
int_2.bz2,22,6,8,10,16192,0.592
mm_1.bz2,22,6,8,10,16192,3.947
mm_2.bz2,22,6,8,10,16192,14.093
fp_1.bz2,22,6,8,12,19136,0.926
fp_2.bz2,22,6,8,12,19136,1.109
int_1.bz2,22,6,8,12,19136,12.028
int_2.bz2,22,6,8,12,19136,0.592
mm_1.bz2,22,6,8,12,19136,3.947
mm_2.bz2,22,6,8,12,19136,14.093
fp_1.bz2,22,6,10,4,7360,1.863
fp_2.bz2,22,6,10,4,7360,21.642
int_1.bz2,22,6,10,4,7360,27.502
int_2.bz2,22,6,10,4,7360,1.179
mm_1.bz2,22,6,10,4,7360,23.371
mm_2.bz2,22,6,10,4,7360,28.703
fp_1.bz2,22,6,10,6,10304,1.863
fp_2.bz2,22,6,10,6,10304,21.642
int_1.bz2,22,6,10,6,10304,26.820
int_2.bz2,22,6,10,6,10304,1.122
mm_1.bz2,22,6,10,6,10304,22.968
mm_2.bz2,22,6,10,6,10304,23.927
fp_1.bz2,22,6,10,8,13248,1.521
fp_2.bz2,22,6,10,8,13248,4.641
int_1.bz2,22,6,10,8,13248,18.233
int_2.bz2,22,6,10,8,13248,0.817
mm_1.bz2,22,6,10,8,13248,10.370
mm_2.bz2,22,6,10,8,13248,19.697
fp_1.bz2,22,6,10,10,16192,1.138
fp_2.bz2,22,6,10,10,16192,1.840
int_1.bz2,22,6,10,10,16192,14.057
int_2.bz2,22,6,10,10,16192,0.776
mm_1.bz2,22,6,10,10,16192,6.183
mm_2.bz2,22,6,10,10,16192,17.330
fp_1.bz2,22,6,10,12,19136,1.138
fp_2.bz2,22,6,10,12,19136,1.437
int_1.bz2,22,6,10,12,19136,13.531
int_2.bz2,22,6,10,12,19136,0.776
mm_1.bz2,22,6,10,12,19136,5.322
mm_2.bz2,22,6,10,12,19136,17.310
fp_1.bz2,22,6,12,4,7360,1.863
fp_2.bz2,22,6,12,4,7360,21.642
int_1.bz2,22,6,12,4,7360,27.503
int_2.bz2,22,6,12,4,7360,1.179
mm_1.bz2,22,6,12,4,7360,23.371
mm_2.bz2,22,6,12,4,7360,31.400
fp_1.bz2,22,6,12,6,10304,1.863
fp_2.bz2,22,6,12,6,10304,21.642
int_1.bz2,22,6,12,6,10304,27.284
int_2.bz2,22,6,12,6,10304,1.172
mm_1.bz2,22,6,12,6,10304,22.968
mm_2.bz2,22,6,12,6,10304,30.095
fp_1.bz2,22,6,12,8,13248,1.783
fp_2.bz2,22,6,12,8,13248,21.642
int_1.bz2,22,6,12,8,13248,26.758
int_2.bz2,22,6,12,8,13248,1.154
mm_1.bz2,22,6,12,8,13248,21.934
mm_2.bz2,22,6,12,8,13248,27.360
fp_1.bz2,22,6,12,10,16192,1.692
fp_2.bz2,22,6,12,10,16192,5.184
int_1.bz2,22,6,12,10,16192,19.417
int_2.bz2,22,6,12,10,16192,0.969
mm_1.bz2,22,6,12,10,16192,11.814
mm_2.bz2,22,6,12,10,16192,23.702
fp_1.bz2,22,6,12,12,19136,1.558
fp_2.bz2,22,6,12,12,19136,2.574
int_1.bz2,22,6,12,12,19136,16.408
int_2.bz2,22,6,12,12,19136,0.952
mm_1.bz2,22,6,12,12,19136,8.920
mm_2.bz2,22,6,12,12,19136,22.616
fp_1.bz2,22,6,14,4,7360,1.863
fp_2.bz2,22,6,14,4,7360,21.642
int_1.bz2,22,6,14,4,7360,27.503
int_2.bz2,22,6,14,4,7360,1.179
mm_1.bz2,22,6,14,4,7360,23.371
mm_2.bz2,22,6,14,4,7360,31.589
fp_1.bz2,22,6,14,6,10304,1.863
fp_2.bz2,22,6,14,6,10304,21.642
int_1.bz2,22,6,14,6,10304,27.284
int_2.bz2,22,6,14,6,10304,1.172
mm_1.bz2,22,6,14,6,10304,22.968
mm_2.bz2,22,6,14,6,10304,30.813
fp_1.bz2,22,6,14,8,13248,1.783
fp_2.bz2,22,6,14,8,13248,21.642
int_1.bz2,22,6,14,8,13248,26.893
int_2.bz2,22,6,14,8,13248,1.167
mm_1.bz2,22,6,14,8,13248,21.934
mm_2.bz2,22,6,14,8,13248,30.449
fp_1.bz2,22,6,14,10,16192,1.783
fp_2.bz2,22,6,14,10,16192,21.365
int_1.bz2,22,6,14,10,16192,26.496
int_2.bz2,22,6,14,10,16192,1.168
mm_1.bz2,22,6,14,10,16192,20.724
mm_2.bz2,22,6,14,10,16192,29.598
fp_1.bz2,22,6,14,12,19136,1.783
fp_2.bz2,22,6,14,12,19136,6.444
int_1.bz2,22,6,14,12,19136,22.278
int_2.bz2,22,6,14,12,19136,1.119
mm_1.bz2,22,6,14,12,19136,15.361
mm_2.bz2,22,6,14,12,19136,28.339
fp_1.bz2,22,6,16,4,7360,1.863
fp_2.bz2,22,6,16,4,7360,21.642
int_1.bz2,22,6,16,4,7360,27.503
int_2.bz2,22,6,16,4,7360,1.179
mm_1.bz2,22,6,16,4,7360,23.371
mm_2.bz2,22,6,16,4,7360,31.589
fp_1.bz2,22,6,16,6,10304,1.863
fp_2.bz2,22,6,16,6,10304,21.642
int_1.bz2,22,6,16,6,10304,27.284
int_2.bz2,22,6,16,6,10304,1.172
mm_1.bz2,22,6,16,6,10304,22.968
mm_2.bz2,22,6,16,6,10304,30.813
fp_1.bz2,22,6,16,8,13248,1.783
fp_2.bz2,22,6,16,8,13248,21.642
int_1.bz2,22,6,16,8,13248,26.893
int_2.bz2,22,6,16,8,13248,1.167
mm_1.bz2,22,6,16,8,13248,21.934
mm_2.bz2,22,6,16,8,13248,30.449
fp_1.bz2,22,6,16,10,16192,1.783
fp_2.bz2,22,6,16,10,16192,21.365
int_1.bz2,22,6,16,10,16192,26.538
int_2.bz2,22,6,16,10,16192,1.167
mm_1.bz2,22,6,16,10,16192,20.724
mm_2.bz2,22,6,16,10,16192,30.901
fp_1.bz2,22,6,16,12,19136,1.783
fp_2.bz2,22,6,16,12,19136,21.272
int_1.bz2,22,6,16,12,19136,26.090
int_2.bz2,22,6,16,12,19136,1.167
mm_1.bz2,22,6,16,12,19136,19.974
mm_2.bz2,22,6,16,12,19136,30.945
fp_1.bz2,22,8,4,4,29440,0.946
fp_2.bz2,22,8,4,4,29440,1.886
int_1.bz2,22,8,4,4,29440,11.347
int_2.bz2,22,8,4,4,29440,0.354
mm_1.bz2,22,8,4,4,29440,4.349
mm_2.bz2,22,8,4,4,29440,7.637
fp_1.bz2,22,8,4,6,41216,0.825
fp_2.bz2,22,8,4,6,41216,0.969
int_1.bz2,22,8,4,6,41216,8.905
int_2.bz2,22,8,4,6,41216,0.326
mm_1.bz2,22,8,4,6,41216,2.733
mm_2.bz2,22,8,4,6,41216,7.276
fp_1.bz2,22,8,4,8,52992,0.825
fp_2.bz2,22,8,4,8,52992,0.969
int_1.bz2,22,8,4,8,52992,8.742
int_2.bz2,22,8,4,8,52992,0.326
mm_1.bz2,22,8,4,8,52992,2.526
mm_2.bz2,22,8,4,8,52992,7.274
fp_1.bz2,22,8,6,4,29440,1.289
fp_2.bz2,22,8,6,4,29440,3.974
int_1.bz2,22,8,6,4,29440,14.351
int_2.bz2,22,8,6,4,29440,0.516
mm_1.bz2,22,8,6,4,29440,6.261
mm_2.bz2,22,8,6,4,29440,10.520
fp_1.bz2,22,8,6,6,41216,0.832
fp_2.bz2,22,8,6,6,41216,1.203
int_1.bz2,22,8,6,6,41216,9.860
int_2.bz2,22,8,6,6,41216,0.357
mm_1.bz2,22,8,6,6,41216,3.912
mm_2.bz2,22,8,6,6,41216,8.232
fp_1.bz2,22,8,6,8,52992,0.832
fp_2.bz2,22,8,6,8,52992,0.989
int_1.bz2,22,8,6,8,52992,8.315
int_2.bz2,22,8,6,8,52992,0.353
mm_1.bz2,22,8,6,8,52992,2.750
mm_2.bz2,22,8,6,8,52992,8.091
fp_1.bz2,22,8,8,4,29440,1.422
fp_2.bz2,22,8,8,4,29440,20.163
int_1.bz2,22,8,8,4,29440,19.730
int_2.bz2,22,8,8,4,29440,0.767
mm_1.bz2,22,8,8,4,29440,13.638
mm_2.bz2,22,8,8,4,29440,16.952
fp_1.bz2,22,8,8,6,41216,1.181
fp_2.bz2,22,8,8,6,41216,3.997
int_1.bz2,22,8,8,6,41216,14.317
int_2.bz2,22,8,8,6,41216,0.533
mm_1.bz2,22,8,8,6,41216,6.354
mm_2.bz2,22,8,8,6,41216,12.092
fp_1.bz2,22,8,8,8,52992,0.854
fp_2.bz2,22,8,8,8,52992,1.433
int_1.bz2,22,8,8,8,52992,9.973
int_2.bz2,22,8,8,8,52992,0.457
mm_1.bz2,22,8,8,8,52992,4.001
mm_2.bz2,22,8,8,8,52992,10.174
fp_1.bz2,22,8,10,4,29440,1.422
fp_2.bz2,22,8,10,4,29440,20.163
int_1.bz2,22,8,10,4,29440,19.828
int_2.bz2,22,8,10,4,29440,0.804
mm_1.bz2,22,8,10,4,29440,13.642
mm_2.bz2,22,8,10,4,29440,22.259
fp_1.bz2,22,8,10,6,41216,1.339
fp_2.bz2,22,8,10,6,41216,20.163
int_1.bz2,22,8,10,6,41216,19.602
int_2.bz2,22,8,10,6,41216,0.770
mm_1.bz2,22,8,10,6,41216,13.326
mm_2.bz2,22,8,10,6,41216,19.572
fp_1.bz2,22,8,10,8,52992,1.201
fp_2.bz2,22,8,10,8,52992,4.249
int_1.bz2,22,8,10,8,52992,14.711
int_2.bz2,22,8,10,8,52992,0.624
mm_1.bz2,22,8,10,8,52992,6.613
mm_2.bz2,22,8,10,8,52992,14.987
fp_1.bz2,22,8,12,4,29440,1.422
fp_2.bz2,22,8,12,4,29440,20.163
int_1.bz2,22,8,12,4,29440,19.828
int_2.bz2,22,8,12,4,29440,0.804
mm_1.bz2,22,8,12,4,29440,13.642
mm_2.bz2,22,8,12,4,29440,22.731
fp_1.bz2,22,8,12,6,41216,1.339
fp_2.bz2,22,8,12,6,41216,20.163
int_1.bz2,22,8,12,6,41216,19.654
int_2.bz2,22,8,12,6,41216,0.788
mm_1.bz2,22,8,12,6,41216,13.326
mm_2.bz2,22,8,12,6,41216,22.147
fp_1.bz2,22,8,12,8,52992,1.339
fp_2.bz2,22,8,12,8,52992,20.163
int_1.bz2,22,8,12,8,52992,19.317
int_2.bz2,22,8,12,8,52992,0.769
mm_1.bz2,22,8,12,8,52992,12.872
mm_2.bz2,22,8,12,8,52992,21.463
fp_1.bz2,22,8,14,4,29440,1.422
fp_2.bz2,22,8,14,4,29440,20.163
int_1.bz2,22,8,14,4,29440,19.828
int_2.bz2,22,8,14,4,29440,0.804
mm_1.bz2,22,8,14,4,29440,13.642
mm_2.bz2,22,8,14,4,29440,22.731
fp_1.bz2,22,8,14,6,41216,1.339
fp_2.bz2,22,8,14,6,41216,20.163
int_1.bz2,22,8,14,6,41216,19.654
int_2.bz2,22,8,14,6,41216,0.788
mm_1.bz2,22,8,14,6,41216,13.326
mm_2.bz2,22,8,14,6,41216,22.207
fp_1.bz2,22,8,14,8,52992,1.339
fp_2.bz2,22,8,14,8,52992,20.163
int_1.bz2,22,8,14,8,52992,19.319
int_2.bz2,22,8,14,8,52992,0.774
mm_1.bz2,22,8,14,8,52992,12.872
mm_2.bz2,22,8,14,8,52992,22.332
fp_1.bz2,22,8,16,4,29440,1.422
fp_2.bz2,22,8,16,4,29440,20.163
int_1.bz2,22,8,16,4,29440,19.828
int_2.bz2,22,8,16,4,29440,0.804
mm_1.bz2,22,8,16,4,29440,13.642
mm_2.bz2,22,8,16,4,29440,22.731
fp_1.bz2,22,8,16,6,41216,1.339
fp_2.bz2,22,8,16,6,41216,20.163
int_1.bz2,22,8,16,6,41216,19.654
int_2.bz2,22,8,16,6,41216,0.788
mm_1.bz2,22,8,16,6,41216,13.326
mm_2.bz2,22,8,16,6,41216,22.207
fp_1.bz2,22,8,16,8,52992,1.339
fp_2.bz2,22,8,16,8,52992,20.163
int_1.bz2,22,8,16,8,52992,19.319
int_2.bz2,22,8,16,8,52992,0.774
mm_1.bz2,22,8,16,8,52992,12.872
mm_2.bz2,22,8,16,8,52992,22.332
fp_1.bz2,24,4,4,4,2000,1.418
fp_2.bz2,24,4,4,4,2000,2.330
int_1.bz2,24,4,4,4,2000,21.896
int_2.bz2,24,4,4,4,2000,0.680
mm_1.bz2,24,4,4,4,2000,12.585
mm_2.bz2,24,4,4,4,2000,14.636
fp_1.bz2,24,4,4,6,2800,0.978
fp_2.bz2,24,4,4,6,2800,1.024
int_1.bz2,24,4,4,6,2800,20.522
int_2.bz2,24,4,4,6,2800,0.543
mm_1.bz2,24,4,4,6,2800,8.829
mm_2.bz2,24,4,4,6,2800,13.966
fp_1.bz2,24,4,4,8,3600,0.978
fp_2.bz2,24,4,4,8,3600,1.005
int_1.bz2,24,4,4,8,3600,20.518
int_2.bz2,24,4,4,8,3600,0.542
mm_1.bz2,24,4,4,8,3600,8.331
mm_2.bz2,24,4,4,8,3600,13.966
fp_1.bz2,24,4,4,10,4400,0.978
fp_2.bz2,24,4,4,10,4400,1.005
int_1.bz2,24,4,4,10,4400,20.518
int_2.bz2,24,4,4,10,4400,0.542
mm_1.bz2,24,4,4,10,4400,8.331
mm_2.bz2,24,4,4,10,4400,13.966
fp_1.bz2,24,4,4,12,5200,0.978
fp_2.bz2,24,4,4,12,5200,1.005
int_1.bz2,24,4,4,12,5200,20.518
int_2.bz2,24,4,4,12,5200,0.542
mm_1.bz2,24,4,4,12,5200,8.331
mm_2.bz2,24,4,4,12,5200,13.966
fp_1.bz2,24,4,6,4,2000,2.242
fp_2.bz2,24,4,6,4,2000,10.343
int_1.bz2,24,4,6,4,2000,25.218
int_2.bz2,24,4,6,4,2000,1.110
mm_1.bz2,24,4,6,4,2000,19.074
mm_2.bz2,24,4,6,4,2000,18.502
fp_1.bz2,24,4,6,6,2800,1.245
fp_2.bz2,24,4,6,6,2800,2.479
int_1.bz2,24,4,6,6,2800,20.270
int_2.bz2,24,4,6,6,2800,0.673
mm_1.bz2,24,4,6,6,2800,11.235
mm_2.bz2,24,4,6,6,2800,15.518
fp_1.bz2,24,4,6,8,3600,1.004
fp_2.bz2,24,4,6,8,3600,1.067
int_1.bz2,24,4,6,8,3600,19.466
int_2.bz2,24,4,6,8,3600,0.624
mm_1.bz2,24,4,6,8,3600,8.584
mm_2.bz2,24,4,6,8,3600,15.477
fp_1.bz2,24,4,6,10,4400,1.004
fp_2.bz2,24,4,6,10,4400,1.067
int_1.bz2,24,4,6,10,4400,19.466
int_2.bz2,24,4,6,10,4400,0.624
mm_1.bz2,24,4,6,10,4400,8.475
mm_2.bz2,24,4,6,10,4400,15.477
fp_1.bz2,24,4,6,12,5200,1.004
fp_2.bz2,24,4,6,12,5200,1.067
int_1.bz2,24,4,6,12,5200,19.466
int_2.bz2,24,4,6,12,5200,0.624
mm_1.bz2,24,4,6,12,5200,8.475
mm_2.bz2,24,4,6,12,5200,15.477
fp_1.bz2,24,4,8,4,2000,2.491
fp_2.bz2,24,4,8,4,2000,31.535
int_1.bz2,24,4,8,4,2000,33.713
int_2.bz2,24,4,8,4,2000,1.654
mm_1.bz2,24,4,8,4,2000,32.476
mm_2.bz2,24,4,8,4,2000,24.578
fp_1.bz2,24,4,8,6,2800,2.195
fp_2.bz2,24,4,8,6,2800,9.585
int_1.bz2,24,4,8,6,2800,24.863
int_2.bz2,24,4,8,6,2800,1.116
mm_1.bz2,24,4,8,6,2800,18.725
mm_2.bz2,24,4,8,6,2800,20.461
fp_1.bz2,24,4,8,8,3600,1.330
fp_2.bz2,24,4,8,8,3600,2.546
int_1.bz2,24,4,8,8,3600,19.916
int_2.bz2,24,4,8,8,3600,0.826
mm_1.bz2,24,4,8,8,3600,10.716
mm_2.bz2,24,4,8,8,3600,18.715
fp_1.bz2,24,4,8,10,4400,1.134
fp_2.bz2,24,4,8,10,4400,1.345
int_1.bz2,24,4,8,10,4400,19.465
int_2.bz2,24,4,8,10,4400,0.817
mm_1.bz2,24,4,8,10,4400,9.086
mm_2.bz2,24,4,8,10,4400,18.754
fp_1.bz2,24,4,8,12,5200,1.134
fp_2.bz2,24,4,8,12,5200,1.341
int_1.bz2,24,4,8,12,5200,19.465
int_2.bz2,24,4,8,12,5200,0.817
mm_1.bz2,24,4,8,12,5200,9.082
mm_2.bz2,24,4,8,12,5200,18.754
fp_1.bz2,24,4,10,4,2000,2.546
fp_2.bz2,24,4,10,4,2000,31.851
int_1.bz2,24,4,10,4,2000,34.071
int_2.bz2,24,4,10,4,2000,1.759
mm_1.bz2,24,4,10,4,2000,32.485
mm_2.bz2,24,4,10,4,2000,30.733
fp_1.bz2,24,4,10,6,2800,2.506
fp_2.bz2,24,4,10,6,2800,31.840
int_1.bz2,24,4,10,6,2800,33.938
int_2.bz2,24,4,10,6,2800,1.671
mm_1.bz2,24,4,10,6,2800,32.248
mm_2.bz2,24,4,10,6,2800,26.778
fp_1.bz2,24,4,10,8,3600,2.296
fp_2.bz2,24,4,10,8,3600,8.257
int_1.bz2,24,4,10,8,3600,24.951
int_2.bz2,24,4,10,8,3600,1.208
mm_1.bz2,24,4,10,8,3600,18.414
mm_2.bz2,24,4,10,8,3600,23.592
fp_1.bz2,24,4,10,10,4400,1.646
fp_2.bz2,24,4,10,10,4400,2.992
int_1.bz2,24,4,10,10,4400,20.533
int_2.bz2,24,4,10,10,4400,1.061
mm_1.bz2,24,4,10,10,4400,11.308
mm_2.bz2,24,4,10,10,4400,21.813
fp_1.bz2,24,4,10,12,5200,1.627
fp_2.bz2,24,4,10,12,5200,2.185
int_1.bz2,24,4,10,12,5200,20.123
int_2.bz2,24,4,10,12,5200,1.064
mm_1.bz2,24,4,10,12,5200,10.349
mm_2.bz2,24,4,10,12,5200,21.786
fp_1.bz2,24,4,12,4,2000,2.546
fp_2.bz2,24,4,12,4,2000,31.851
int_1.bz2,24,4,12,4,2000,34.071
int_2.bz2,24,4,12,4,2000,1.782
mm_1.bz2,24,4,12,4,2000,32.485
mm_2.bz2,24,4,12,4,2000,34.297
fp_1.bz2,24,4,12,6,2800,2.546
fp_2.bz2,24,4,12,6,2800,31.846
int_1.bz2,24,4,12,6,2800,34.024
int_2.bz2,24,4,12,6,2800,1.764
mm_1.bz2,24,4,12,6,2800,32.416
mm_2.bz2,24,4,12,6,2800,33.196
fp_1.bz2,24,4,12,8,3600,2.516
fp_2.bz2,24,4,12,8,3600,31.825
int_1.bz2,24,4,12,8,3600,33.810
int_2.bz2,24,4,12,8,3600,1.709
mm_1.bz2,24,4,12,8,3600,31.965
mm_2.bz2,24,4,12,8,3600,29.396
fp_1.bz2,24,4,12,10,4400,2.436
fp_2.bz2,24,4,12,10,4400,8.523
int_1.bz2,24,4,12,10,4400,25.533
int_2.bz2,24,4,12,10,4400,1.364
mm_1.bz2,24,4,12,10,4400,18.890
mm_2.bz2,24,4,12,10,4400,26.444
fp_1.bz2,24,4,12,12,5200,2.396
fp_2.bz2,24,4,12,12,5200,4.054
int_1.bz2,24,4,12,12,5200,22.158
int_2.bz2,24,4,12,12,5200,1.304
mm_1.bz2,24,4,12,12,5200,13.215
mm_2.bz2,24,4,12,12,5200,25.007
fp_1.bz2,24,4,14,4,2000,2.546
fp_2.bz2,24,4,14,4,2000,31.851
int_1.bz2,24,4,14,4,2000,34.071
int_2.bz2,24,4,14,4,2000,1.782
mm_1.bz2,24,4,14,4,2000,32.485
mm_2.bz2,24,4,14,4,2000,34.546
fp_1.bz2,24,4,14,6,2800,2.546
fp_2.bz2,24,4,14,6,2800,31.846
int_1.bz2,24,4,14,6,2800,34.024
int_2.bz2,24,4,14,6,2800,1.764
mm_1.bz2,24,4,14,6,2800,32.416
mm_2.bz2,24,4,14,6,2800,34.380
fp_1.bz2,24,4,14,8,3600,2.546
fp_2.bz2,24,4,14,8,3600,31.825
int_1.bz2,24,4,14,8,3600,33.888
int_2.bz2,24,4,14,8,3600,1.730
mm_1.bz2,24,4,14,8,3600,32.129
mm_2.bz2,24,4,14,8,3600,34.182
fp_1.bz2,24,4,14,10,4400,2.546
fp_2.bz2,24,4,14,10,4400,31.743
int_1.bz2,24,4,14,10,4400,33.133
int_2.bz2,24,4,14,10,4400,1.731
mm_1.bz2,24,4,14,10,4400,30.937
mm_2.bz2,24,4,14,10,4400,32.134
fp_1.bz2,24,4,14,12,5200,2.546
fp_2.bz2,24,4,14,12,5200,9.767
int_1.bz2,24,4,14,12,5200,27.691
int_2.bz2,24,4,14,12,5200,1.523
mm_1.bz2,24,4,14,12,5200,19.826
mm_2.bz2,24,4,14,12,5200,30.511
fp_1.bz2,24,4,16,4,2000,2.546
fp_2.bz2,24,4,16,4,2000,31.851
int_1.bz2,24,4,16,4,2000,34.071
int_2.bz2,24,4,16,4,2000,1.782
mm_1.bz2,24,4,16,4,2000,32.485
mm_2.bz2,24,4,16,4,2000,34.546
fp_1.bz2,24,4,16,6,2800,2.546
fp_2.bz2,24,4,16,6,2800,31.846
int_1.bz2,24,4,16,6,2800,34.024
int_2.bz2,24,4,16,6,2800,1.764
mm_1.bz2,24,4,16,6,2800,32.416
mm_2.bz2,24,4,16,6,2800,34.380
fp_1.bz2,24,4,16,8,3600,2.546
fp_2.bz2,24,4,16,8,3600,31.825
int_1.bz2,24,4,16,8,3600,33.888
int_2.bz2,24,4,16,8,3600,1.730
mm_1.bz2,24,4,16,8,3600,32.129
mm_2.bz2,24,4,16,8,3600,34.182
fp_1.bz2,24,4,16,10,4400,2.546
fp_2.bz2,24,4,16,10,4400,31.743
int_1.bz2,24,4,16,10,4400,33.199
int_2.bz2,24,4,16,10,4400,1.731
mm_1.bz2,24,4,16,10,4400,31.071
mm_2.bz2,24,4,16,10,4400,34.066
fp_1.bz2,24,4,16,12,5200,2.546
fp_2.bz2,24,4,16,12,5200,31.414
int_1.bz2,24,4,16,12,5200,32.522
int_2.bz2,24,4,16,12,5200,1.759
mm_1.bz2,24,4,16,12,5200,26.991
mm_2.bz2,24,4,16,12,5200,33.721
fp_1.bz2,24,6,4,4,8000,1.133
fp_2.bz2,24,6,4,4,8000,2.069
int_1.bz2,24,6,4,4,8000,14.296
int_2.bz2,24,6,4,4,8000,0.401
mm_1.bz2,24,6,4,4,8000,5.509
mm_2.bz2,24,6,4,4,8000,10.354
fp_1.bz2,24,6,4,6,11200,0.839
fp_2.bz2,24,6,4,6,11200,0.974
int_1.bz2,24,6,4,6,11200,11.919
int_2.bz2,24,6,4,6,11200,0.367
mm_1.bz2,24,6,4,6,11200,3.032
mm_2.bz2,24,6,4,6,11200,10.046
fp_1.bz2,24,6,4,8,14400,0.839
fp_2.bz2,24,6,4,8,14400,0.974
int_1.bz2,24,6,4,8,14400,11.839
int_2.bz2,24,6,4,8,14400,0.367
mm_1.bz2,24,6,4,8,14400,2.681
mm_2.bz2,24,6,4,8,14400,10.045
fp_1.bz2,24,6,4,10,17600,0.839
fp_2.bz2,24,6,4,10,17600,0.974
int_1.bz2,24,6,4,10,17600,11.839
int_2.bz2,24,6,4,10,17600,0.367
mm_1.bz2,24,6,4,10,17600,2.679
mm_2.bz2,24,6,4,10,17600,10.045
fp_1.bz2,24,6,4,12,20800,0.839
fp_2.bz2,24,6,4,12,20800,0.974
int_1.bz2,24,6,4,12,20800,11.839
int_2.bz2,24,6,4,12,20800,0.367
mm_1.bz2,24,6,4,12,20800,2.679
mm_2.bz2,24,6,4,12,20800,10.045
fp_1.bz2,24,6,6,4,8000,1.513
fp_2.bz2,24,6,6,4,8000,5.533
int_1.bz2,24,6,6,4,8000,17.829
int_2.bz2,24,6,6,4,8000,0.658
mm_1.bz2,24,6,6,4,8000,10.445
mm_2.bz2,24,6,6,4,8000,13.939
fp_1.bz2,24,6,6,6,11200,0.968
fp_2.bz2,24,6,6,6,11200,1.521
int_1.bz2,24,6,6,6,11200,12.394
int_2.bz2,24,6,6,6,11200,0.404
mm_1.bz2,24,6,6,6,11200,4.701
mm_2.bz2,24,6,6,6,11200,11.585
fp_1.bz2,24,6,6,8,14400,0.854
fp_2.bz2,24,6,6,8,14400,0.998
int_1.bz2,24,6,6,8,14400,11.133
int_2.bz2,24,6,6,8,14400,0.386
mm_1.bz2,24,6,6,8,14400,3.000
mm_2.bz2,24,6,6,8,14400,11.454
fp_1.bz2,24,6,6,10,17600,0.854
fp_2.bz2,24,6,6,10,17600,0.998
int_1.bz2,24,6,6,10,17600,11.120
int_2.bz2,24,6,6,10,17600,0.386
mm_1.bz2,24,6,6,10,17600,2.997
mm_2.bz2,24,6,6,10,17600,11.454
fp_1.bz2,24,6,6,12,20800,0.854
fp_2.bz2,24,6,6,12,20800,0.998
int_1.bz2,24,6,6,12,20800,11.120
int_2.bz2,24,6,6,12,20800,0.386
mm_1.bz2,24,6,6,12,20800,2.997
mm_2.bz2,24,6,6,12,20800,11.454
fp_1.bz2,24,6,8,4,8000,1.862
fp_2.bz2,24,6,8,4,8000,21.642
int_1.bz2,24,6,8,4,8000,26.473
int_2.bz2,24,6,8,4,8000,1.098
mm_1.bz2,24,6,8,4,8000,23.341
mm_2.bz2,24,6,8,4,8000,20.944
fp_1.bz2,24,6,8,6,11200,1.457
fp_2.bz2,24,6,8,6,11200,4.903
int_1.bz2,24,6,8,6,11200,17.571
int_2.bz2,24,6,8,6,11200,0.681
mm_1.bz2,24,6,8,6,11200,9.599
mm_2.bz2,24,6,8,6,11200,16.297
fp_1.bz2,24,6,8,8,14400,0.966
fp_2.bz2,24,6,8,8,14400,1.451
int_1.bz2,24,6,8,8,14400,12.506
int_2.bz2,24,6,8,8,14400,0.558
mm_1.bz2,24,6,8,8,14400,4.812
mm_2.bz2,24,6,8,8,14400,13.947
fp_1.bz2,24,6,8,10,17600,0.916
fp_2.bz2,24,6,8,10,17600,1.114
int_1.bz2,24,6,8,10,17600,11.681
int_2.bz2,24,6,8,10,17600,0.555
mm_1.bz2,24,6,8,10,17600,3.521
mm_2.bz2,24,6,8,10,17600,13.842
fp_1.bz2,24,6,8,12,20800,0.916
fp_2.bz2,24,6,8,12,20800,1.114
int_1.bz2,24,6,8,12,20800,11.680
int_2.bz2,24,6,8,12,20800,0.555
mm_1.bz2,24,6,8,12,20800,3.521
mm_2.bz2,24,6,8,12,20800,13.842
fp_1.bz2,24,6,10,4,8000,1.862
fp_2.bz2,24,6,10,4,8000,21.642
int_1.bz2,24,6,10,4,8000,27.495
int_2.bz2,24,6,10,4,8000,1.180
mm_1.bz2,24,6,10,4,8000,23.351
mm_2.bz2,24,6,10,4,8000,28.559
fp_1.bz2,24,6,10,6,11200,1.863
fp_2.bz2,24,6,10,6,11200,21.642
int_1.bz2,24,6,10,6,11200,26.707
int_2.bz2,24,6,10,6,11200,1.099
mm_1.bz2,24,6,10,6,11200,22.968
mm_2.bz2,24,6,10,6,11200,23.657
fp_1.bz2,24,6,10,8,14400,1.435
fp_2.bz2,24,6,10,8,14400,4.494
int_1.bz2,24,6,10,8,14400,17.904
int_2.bz2,24,6,10,8,14400,0.792
mm_1.bz2,24,6,10,8,14400,9.856
mm_2.bz2,24,6,10,8,14400,19.246
fp_1.bz2,24,6,10,10,17600,1.099
fp_2.bz2,24,6,10,10,17600,1.775
int_1.bz2,24,6,10,10,17600,13.490
int_2.bz2,24,6,10,10,17600,0.755
mm_1.bz2,24,6,10,10,17600,5.676
mm_2.bz2,24,6,10,10,17600,17.072
fp_1.bz2,24,6,10,12,20800,1.099
fp_2.bz2,24,6,10,12,20800,1.434
int_1.bz2,24,6,10,12,20800,13.166
int_2.bz2,24,6,10,12,20800,0.755
mm_1.bz2,24,6,10,12,20800,4.968
mm_2.bz2,24,6,10,12,20800,17.053
fp_1.bz2,24,6,12,4,8000,1.862
fp_2.bz2,24,6,12,4,8000,21.642
int_1.bz2,24,6,12,4,8000,27.498
int_2.bz2,24,6,12,4,8000,1.180
mm_1.bz2,24,6,12,4,8000,23.351
mm_2.bz2,24,6,12,4,8000,31.340
fp_1.bz2,24,6,12,6,11200,1.863
fp_2.bz2,24,6,12,6,11200,21.642
int_1.bz2,24,6,12,6,11200,27.241
int_2.bz2,24,6,12,6,11200,1.174
mm_1.bz2,24,6,12,6,11200,22.968
mm_2.bz2,24,6,12,6,11200,29.918
fp_1.bz2,24,6,12,8,14400,1.783
fp_2.bz2,24,6,12,8,14400,21.642
int_1.bz2,24,6,12,8,14400,26.675
int_2.bz2,24,6,12,8,14400,1.144
mm_1.bz2,24,6,12,8,14400,21.899
mm_2.bz2,24,6,12,8,14400,27.084
fp_1.bz2,24,6,12,10,17600,1.617
fp_2.bz2,24,6,12,10,17600,4.999
int_1.bz2,24,6,12,10,17600,19.013
int_2.bz2,24,6,12,10,17600,0.960
mm_1.bz2,24,6,12,10,17600,11.334
mm_2.bz2,24,6,12,10,17600,23.385
fp_1.bz2,24,6,12,12,20800,1.536
fp_2.bz2,24,6,12,12,20800,2.591
int_1.bz2,24,6,12,12,20800,16.012
int_2.bz2,24,6,12,12,20800,0.941
mm_1.bz2,24,6,12,12,20800,8.566
mm_2.bz2,24,6,12,12,20800,22.366
fp_1.bz2,24,6,14,4,8000,1.862
fp_2.bz2,24,6,14,4,8000,21.642
int_1.bz2,24,6,14,4,8000,27.498
int_2.bz2,24,6,14,4,8000,1.180
mm_1.bz2,24,6,14,4,8000,23.351
mm_2.bz2,24,6,14,4,8000,31.541
fp_1.bz2,24,6,14,6,11200,1.863
fp_2.bz2,24,6,14,6,11200,21.642
int_1.bz2,24,6,14,6,11200,27.241
int_2.bz2,24,6,14,6,11200,1.174
mm_1.bz2,24,6,14,6,11200,22.968
mm_2.bz2,24,6,14,6,11200,30.730
fp_1.bz2,24,6,14,8,14400,1.783
fp_2.bz2,24,6,14,8,14400,21.642
int_1.bz2,24,6,14,8,14400,26.886
int_2.bz2,24,6,14,8,14400,1.169
mm_1.bz2,24,6,14,8,14400,21.899
mm_2.bz2,24,6,14,8,14400,30.385
fp_1.bz2,24,6,14,10,17600,1.783
fp_2.bz2,24,6,14,10,17600,21.280
int_1.bz2,24,6,14,10,17600,26.325
int_2.bz2,24,6,14,10,17600,1.171
mm_1.bz2,24,6,14,10,17600,20.953
mm_2.bz2,24,6,14,10,17600,29.458
fp_1.bz2,24,6,14,12,20800,1.783
fp_2.bz2,24,6,14,12,20800,6.305
int_1.bz2,24,6,14,12,20800,21.747
int_2.bz2,24,6,14,12,20800,1.113
mm_1.bz2,24,6,14,12,20800,15.106
mm_2.bz2,24,6,14,12,20800,28.233
fp_1.bz2,24,6,16,4,8000,1.862
fp_2.bz2,24,6,16,4,8000,21.642
int_1.bz2,24,6,16,4,8000,27.498
int_2.bz2,24,6,16,4,8000,1.180
mm_1.bz2,24,6,16,4,8000,23.351
mm_2.bz2,24,6,16,4,8000,31.541
fp_1.bz2,24,6,16,6,11200,1.863
fp_2.bz2,24,6,16,6,11200,21.642
int_1.bz2,24,6,16,6,11200,27.241
int_2.bz2,24,6,16,6,11200,1.174
mm_1.bz2,24,6,16,6,11200,22.968
mm_2.bz2,24,6,16,6,11200,30.730
fp_1.bz2,24,6,16,8,14400,1.783
fp_2.bz2,24,6,16,8,14400,21.642
int_1.bz2,24,6,16,8,14400,26.886
int_2.bz2,24,6,16,8,14400,1.169
mm_1.bz2,24,6,16,8,14400,21.899
mm_2.bz2,24,6,16,8,14400,30.385
fp_1.bz2,24,6,16,10,17600,1.783
fp_2.bz2,24,6,16,10,17600,21.280
int_1.bz2,24,6,16,10,17600,26.406
int_2.bz2,24,6,16,10,17600,1.171
mm_1.bz2,24,6,16,10,17600,20.953
mm_2.bz2,24,6,16,10,17600,30.872
fp_1.bz2,24,6,16,12,20800,1.783
fp_2.bz2,24,6,16,12,20800,21.272
int_1.bz2,24,6,16,12,20800,25.791
int_2.bz2,24,6,16,12,20800,1.170
mm_1.bz2,24,6,16,12,20800,20.367
mm_2.bz2,24,6,16,12,20800,30.867
fp_1.bz2,24,8,4,4,32000,0.958
fp_2.bz2,24,8,4,4,32000,2.085
int_1.bz2,24,8,4,4,32000,11.229
int_2.bz2,24,8,4,4,32000,0.348
mm_1.bz2,24,8,4,4,32000,4.119
mm_2.bz2,24,8,4,4,32000,7.579
fp_1.bz2,24,8,4,6,44800,0.826
fp_2.bz2,24,8,4,6,44800,0.970
int_1.bz2,24,8,4,6,44800,8.702
int_2.bz2,24,8,4,6,44800,0.318
mm_1.bz2,24,8,4,6,44800,2.788
mm_2.bz2,24,8,4,6,44800,7.209
fp_1.bz2,24,8,4,8,57600,0.826
fp_2.bz2,24,8,4,8,57600,0.970
int_1.bz2,24,8,4,8,57600,8.556
int_2.bz2,24,8,4,8,57600,0.318
mm_1.bz2,24,8,4,8,57600,2.547
mm_2.bz2,24,8,4,8,57600,7.207
fp_1.bz2,24,8,6,4,32000,1.261
fp_2.bz2,24,8,6,4,32000,5.356
int_1.bz2,24,8,6,4,32000,14.086
int_2.bz2,24,8,6,4,32000,0.491
mm_1.bz2,24,8,6,4,32000,6.225
mm_2.bz2,24,8,6,4,32000,10.261
fp_1.bz2,24,8,6,6,44800,0.832
fp_2.bz2,24,8,6,6,44800,1.358
int_1.bz2,24,8,6,6,44800,9.615
int_2.bz2,24,8,6,6,44800,0.352
mm_1.bz2,24,8,6,6,44800,3.758
mm_2.bz2,24,8,6,6,44800,8.111
fp_1.bz2,24,8,6,8,57600,0.832
fp_2.bz2,24,8,6,8,57600,0.989
int_1.bz2,24,8,6,8,57600,8.124
int_2.bz2,24,8,6,8,57600,0.345
mm_1.bz2,24,8,6,8,57600,2.780
mm_2.bz2,24,8,6,8,57600,7.971
fp_1.bz2,24,8,8,4,32000,1.422
fp_2.bz2,24,8,8,4,32000,20.163
int_1.bz2,24,8,8,4,32000,19.633
int_2.bz2,24,8,8,4,32000,0.763
mm_1.bz2,24,8,8,4,32000,13.745
mm_2.bz2,24,8,8,4,32000,16.708
fp_1.bz2,24,8,8,6,44800,1.091
fp_2.bz2,24,8,8,6,44800,4.709
int_1.bz2,24,8,8,6,44800,13.986
int_2.bz2,24,8,8,6,44800,0.511
mm_1.bz2,24,8,8,6,44800,6.097
mm_2.bz2,24,8,8,6,44800,11.828
fp_1.bz2,24,8,8,8,57600,0.852
fp_2.bz2,24,8,8,8,57600,1.283
int_1.bz2,24,8,8,8,57600,9.707
int_2.bz2,24,8,8,8,57600,0.446
mm_1.bz2,24,8,8,8,57600,3.842
mm_2.bz2,24,8,8,8,57600,10.010
fp_1.bz2,24,8,10,4,32000,1.422
fp_2.bz2,24,8,10,4,32000,20.163
int_1.bz2,24,8,10,4,32000,19.819
int_2.bz2,24,8,10,4,32000,0.805
mm_1.bz2,24,8,10,4,32000,13.751
mm_2.bz2,24,8,10,4,32000,22.136
fp_1.bz2,24,8,10,6,44800,1.339
fp_2.bz2,24,8,10,6,44800,20.163
int_1.bz2,24,8,10,6,44800,19.588
int_2.bz2,24,8,10,6,44800,0.771
mm_1.bz2,24,8,10,6,44800,13.426
mm_2.bz2,24,8,10,6,44800,19.344
fp_1.bz2,24,8,10,8,57600,1.119
fp_2.bz2,24,8,10,8,57600,4.531
int_1.bz2,24,8,10,8,57600,14.324
int_2.bz2,24,8,10,8,57600,0.608
mm_1.bz2,24,8,10,8,57600,6.509
mm_2.bz2,24,8,10,8,57600,14.747
fp_1.bz2,24,8,12,4,32000,1.422
fp_2.bz2,24,8,12,4,32000,20.163
int_1.bz2,24,8,12,4,32000,19.819
int_2.bz2,24,8,12,4,32000,0.805
mm_1.bz2,24,8,12,4,32000,13.751
mm_2.bz2,24,8,12,4,32000,22.649
fp_1.bz2,24,8,12,6,44800,1.339
fp_2.bz2,24,8,12,6,44800,20.163
int_1.bz2,24,8,12,6,44800,19.636
int_2.bz2,24,8,12,6,44800,0.790
mm_1.bz2,24,8,12,6,44800,13.426
mm_2.bz2,24,8,12,6,44800,22.070
fp_1.bz2,24,8,12,8,57600,1.339
fp_2.bz2,24,8,12,8,57600,20.163
int_1.bz2,24,8,12,8,57600,19.286
int_2.bz2,24,8,12,8,57600,0.772
mm_1.bz2,24,8,12,8,57600,12.911
mm_2.bz2,24,8,12,8,57600,21.377
fp_1.bz2,24,8,14,4,32000,1.422
fp_2.bz2,24,8,14,4,32000,20.163
int_1.bz2,24,8,14,4,32000,19.819
int_2.bz2,24,8,14,4,32000,0.805
mm_1.bz2,24,8,14,4,32000,13.751
mm_2.bz2,24,8,14,4,32000,22.649
fp_1.bz2,24,8,14,6,44800,1.339
fp_2.bz2,24,8,14,6,44800,20.163
int_1.bz2,24,8,14,6,44800,19.636
int_2.bz2,24,8,14,6,44800,0.790
mm_1.bz2,24,8,14,6,44800,13.426
mm_2.bz2,24,8,14,6,44800,22.146
fp_1.bz2,24,8,14,8,57600,1.339
fp_2.bz2,24,8,14,8,57600,20.163
int_1.bz2,24,8,14,8,57600,19.291
int_2.bz2,24,8,14,8,57600,0.778
mm_1.bz2,24,8,14,8,57600,12.911
mm_2.bz2,24,8,14,8,57600,22.312
fp_1.bz2,24,8,16,4,32000,1.422
fp_2.bz2,24,8,16,4,32000,20.163
int_1.bz2,24,8,16,4,32000,19.819
int_2.bz2,24,8,16,4,32000,0.805
mm_1.bz2,24,8,16,4,32000,13.751
mm_2.bz2,24,8,16,4,32000,22.649
fp_1.bz2,24,8,16,6,44800,1.339
fp_2.bz2,24,8,16,6,44800,20.163
int_1.bz2,24,8,16,6,44800,19.636
int_2.bz2,24,8,16,6,44800,0.790
mm_1.bz2,24,8,16,6,44800,13.426
mm_2.bz2,24,8,16,6,44800,22.146
fp_1.bz2,24,8,16,8,57600,1.339
fp_2.bz2,24,8,16,8,57600,20.163
int_1.bz2,24,8,16,8,57600,19.291
int_2.bz2,24,8,16,8,57600,0.778
mm_1.bz2,24,8,16,8,57600,12.911
mm_2.bz2,24,8,16,8,57600,22.312
